event,run,size,CaloEoP,CaloE,TrackerEoP,TrackerE,P
1616,1002,5,0.796092,39.1297,1.00005,49.1549,49.1522
2062,1002,1,0.738749,30.6322,1.00008,41.4681,41.4649
2812,1002,4,0.91096,39.782,1.00007,43.6734,43.6704
2849,1002,3,0.834535,35.0639,1.00007,42.0193,42.0161
4308,1002,3,0.788898,33.0069,1.00007,41.8423,41.8392
4607,1002,4,0.734224,32.9438,1.00006,44.8718,44.8689
4978,1002,4,0.908207,44.4025,1.00005,48.8929,48.8902
5763,1002,4,0.711548,30.9816,1.00007,43.5441,43.5411
5855,1002,6,0.927953,41.992,1.00006,45.2552,45.2523
7121,1002,4,0.80499,38.6312,1.00006,47.9925,47.9897
7350,1002,4,0.771851,34.7537,1.00006,45.0293,45.0264
8731,1002,4,0.832452,37.331,1.00006,44.8476,44.8446
9479,1002,7,0.897832,42.6968,1.00006,47.5582,47.5554
11122,1002,3,0.591854,29.2134,1.00005,49.3617,49.3591
11248,1002,4,0.848584,35.5162,1.00007,41.8567,41.8536
13377,1002,5,0.897889,37.1125,1.00008,41.3362,41.333
14045,1002,8,0.853492,44.7377,1.00005,52.4198,52.4173
14911,1002,4,0.721212,31.5295,1.00007,43.7204,43.7174
15537,1002,6,0.876536,43.952,1.00005,50.1455,50.1429
16522,1002,4,0.705637,35.7196,1.00005,50.623,50.6204
17644,1002,2,0.724902,33.1496,1.00006,45.7326,45.7297
17895,1002,3,0.896452,36.7932,1.00008,41.0464,41.0432
17953,1002,4,0.833113,36.085,1.00007,43.3164,43.3134
19023,1002,4,0.422158,20.4406,1.00006,48.4219,48.4192
19921,1002,5,0.927192,44.1515,1.00006,47.6212,47.6185
21067,1002,2,0.846233,36.1536,1.00007,42.726,42.723
21323,1002,4,0.642167,27.0285,1.00007,42.0926,42.0895
22867,1002,3,0.71752,33.4952,1.00006,46.6848,46.682
25188,1002,3,0.621414,30.4643,1.00005,49.0268,49.0242
26698,1002,4,0.785849,37.3176,1.00006,47.4898,47.487
27579,1002,3,0.772998,36.7315,1.00006,47.521,47.5183
28946,1002,4,0.81804,33.9509,1.00008,41.5059,41.5027
29176,1002,3,0.716716,34.3122,1.00006,47.8769,47.8742
29780,1002,2,0.640386,28.1279,1.00007,43.9264,43.9234
29803,1002,1,0.315469,14.1481,1.00006,44.8507,44.8478
30191,1002,3,0.79877,35.3075,1.00007,44.2052,44.2023
31286,1002,5,0.813871,35.6019,1.00007,43.7469,43.7439
33335,1002,7,0.771078,32.3062,1.00007,41.9006,41.8975
33801,1002,4,0.908199,40.1313,1.00007,44.1908,44.1878
34373,1002,3,0.494912,19.8307,1.00008,40.0724,40.0691
35512,1002,3,0.91664,43.5146,1.00006,47.4746,47.4719
35953,1002,4,0.789733,38.1636,1.00006,48.3273,48.3246
36982,1002,5,0.885087,42.2107,1.00006,47.6938,47.691
37189,1002,4,0.864824,39.3938,1.00006,45.5541,45.5512
37868,1002,3,0.822046,37.7221,1.00006,45.891,45.8881
38521,1002,3,0.719169,34.2803,1.00006,47.6693,47.6666
39682,1002,3,0.897272,39.5412,1.00007,44.0712,44.0683
39914,1002,5,0.838262,36.7653,1.00007,43.862,43.859
40131,1002,6,0.822824,37.0134,1.00006,44.9863,44.9834
40725,1002,2,0.642779,28.747,1.00007,44.7258,44.7229
40770,1002,2,0.94193,44.483,1.00006,47.2282,47.2254
42502,1002,5,0.839766,34.7251,1.00008,41.3541,41.351
43092,1002,4,0.813105,34.5725,1.00007,42.5222,42.5191
43320,1002,4,0.812473,33.577,1.00008,41.33,41.3269
43498,1002,3,0.798481,35.1979,1.00007,44.0841,44.0811
43992,1002,5,0.615065,32.2797,1.00005,52.4843,52.4818
44033,1002,2,0.703621,31.3885,1.00007,44.6129,44.61
44191,1002,6,0.906666,43.8232,1.00006,48.3372,48.3345
44197,1002,2,0.84541,39.2233,1.00006,46.3984,46.3956
45880,1002,2,0.397975,20.6115,1.00005,51.7934,51.7909
47846,1002,5,0.90033,44.8317,1.00005,49.7973,49.7947
48775,1002,2,0.719508,33.2146,1.00006,46.1657,46.1629
50249,1002,2,0.749917,34.9621,1.00006,46.6241,46.6213
50480,1002,2,0.58702,27.5563,1.00006,46.9454,46.9426
50737,1002,5,0.83334,35.11,1.00007,42.1348,42.1317
50746,1002,5,0.778209,38.4925,1.00005,49.4655,49.4629
51386,1002,1,0.783436,36.5529,1.00006,46.6599,46.6571
51494,1002,1,0.815641,37.6949,1.00006,46.2179,46.2151
52986,1002,5,0.912297,42.2919,1.00006,46.3605,46.3576
53292,1002,4,0.874381,38.6222,1.00007,44.1739,44.1709
53362,1002,3,0.829362,33.2078,1.00008,40.0435,40.0402
53615,1002,7,0.806671,35.4178,1.00007,43.9092,43.9062
54466,1002,4,0.793877,37.9642,1.00006,47.824,47.8212
54649,1002,3,0.785068,33.6376,1.00007,42.8498,42.8467
56175,1002,5,0.890707,35.4436,1.00008,39.796,39.7927
57481,1002,5,0.902346,42.5558,1.00006,47.1641,47.1613
57737,1002,3,0.671539,26.6584,1.00008,39.7008,39.6975
58451,1002,6,0.963333,38.6811,1.00008,40.1567,40.1534
58827,1002,3,0.812698,33.2794,1.00008,40.9525,40.9493
60562,1002,3,0.726139,35.2566,1.00006,48.5561,48.5534
60734,1002,5,0.819601,38.8725,1.00006,47.4313,47.4285
61526,1002,3,0.845466,36.7364,1.00007,43.4541,43.4511
62323,1002,2,0.655809,27.2981,1.00008,41.6282,41.6251
62587,1002,6,0.867671,38.1513,1.00007,43.9727,43.9697
65375,1002,5,0.735277,32.2844,1.00007,43.9108,43.9078
65867,1002,6,0.873286,38.4167,1.00007,43.994,43.991
66102,1002,3,0.767448,36.1372,1.00006,47.0903,47.0875
66676,1002,4,0.804931,32.5459,1.00008,40.4364,40.4332
67054,1002,4,0.672885,29.71,1.00007,44.1561,44.1531
67234,1002,4,0.759248,36.3677,1.00006,47.9024,47.8997
67504,1002,5,0.799883,32.445,1.00008,40.5654,40.5622
68774,1002,5,0.712944,32.6883,1.00006,45.8526,45.8498
71614,1002,5,0.868616,38.2692,1.00007,44.0606,44.0576
72157,1002,5,0.787124,34.6024,1.00007,43.9635,43.9606
72728,1002,3,0.722294,33.648,1.00006,46.5878,46.585
72750,1002,7,0.895398,42.9312,1.00006,47.9492,47.9465
73461,1002,6,0.840191,35.3941,1.00007,42.1293,42.1262
74401,1002,5,0.86776,44.0591,1.00005,50.7759,50.7733
75290,1002,8,0.861582,40.8645,1.00006,47.4324,47.4296
75346,1002,3,0.824614,33.5827,1.00008,40.7285,40.7253
75423,1002,2,0.911034,40.2007,1.00007,44.1294,44.1264
76227,1002,1,0.551223,23.8513,1.00007,43.2728,43.2698
77951,1002,3,0.777365,31.9682,1.00008,41.127,41.1238
78220,1002,5,0.890331,38.043,1.00007,42.7321,42.729
78797,1002,6,0.903314,39.4223,1.00007,43.6449,43.6419
79357,1002,5,0.879562,39.2143,1.00007,44.5868,44.5839
79574,1002,3,0.872532,41.0758,1.00006,47.0793,47.0766
80025,1002,2,0.789794,31.6409,1.00008,40.0654,40.0622
80510,1002,5,0.793666,36.6404,1.00006,46.1688,46.166
81192,1002,3,0.880028,39.0636,1.00007,44.392,44.3891
81739,1002,4,0.835644,37.4019,1.00007,44.7611,44.7582
81917,1002,3,0.866471,38.8386,1.00006,44.8268,44.8238
82218,1002,7,0.825796,37.838,1.00006,45.8229,45.82
83867,1002,7,0.698014,33.8798,1.00006,48.5401,48.5374
84799,1002,4,0.812066,33.3408,1.00008,41.0599,41.0568
85832,1002,8,0.812896,38.4939,1.00006,47.3568,47.354
87281,1002,7,0.877093,37.1446,1.00007,42.3528,42.3497
87768,1002,4,0.833282,33.9985,1.00008,40.804,40.8008
88218,1002,3,0.480258,22.91,1.00006,47.7062,47.7035
88257,1002,5,0.8602,43.9957,1.00005,51.1484,51.1458
89766,1002,3,0.512204,23.7369,1.00006,46.3455,46.3427
89848,1002,7,0.815599,40.5994,1.00005,49.7813,49.7786
89963,1002,4,0.82563,36.1664,1.00007,43.8076,43.8046
90535,1002,4,0.712662,33.7564,1.00006,47.3694,47.3666
92660,1002,3,0.651733,32.5028,1.00005,49.8739,49.8713
92777,1002,2,0.876456,35.2069,1.00008,40.1729,40.1696
94365,1002,8,0.847991,39.9256,1.00006,47.0853,47.0825
94843,1002,5,0.847102,37.0875,1.00007,43.7846,43.7817
95851,1002,5,0.528931,23.0743,1.00007,43.6273,43.6243
96220,1002,2,0.737886,35.0043,1.00006,47.4414,47.4387
96642,1002,7,0.788592,39.9871,1.00005,50.7095,50.707
97121,1002,3,0.752065,31.7719,1.00007,42.2493,42.2462
97275,1002,3,0.656915,31.5204,1.00006,47.9851,47.9824
97452,1002,4,0.781553,35.4179,1.00006,45.3202,45.3173
97942,1002,4,0.781466,31.7701,1.00008,40.6577,40.6544
98301,1002,4,0.829332,33.7615,1.00008,40.7125,40.7093
99369,1002,2,0.806226,32.7366,1.00008,40.608,40.6048
99661,1002,4,0.735201,30.2247,1.00008,41.114,41.1108
100069,1002,4,0.836255,38.0327,1.00006,45.4827,45.4798
100535,1002,2,0.604813,29.0929,1.00006,48.1051,48.1024
100884,1002,1,0.565504,24.3487,1.00007,43.0598,43.0567
101782,1002,6,0.74486,35.9209,1.00006,48.2277,48.225
101901,1002,6,0.74603,34.5132,1.00006,46.2654,46.2625
102367,1002,3,0.638935,32.5492,1.00005,50.9454,50.9429
102772,1002,5,0.714685,33.1514,1.00006,46.3888,46.386
103327,1002,3,0.854058,41.3647,1.00006,48.4359,48.4332
104486,1002,3,0.628646,26.0486,1.00008,41.4392,41.436
105404,1002,3,0.881227,36.5518,1.00008,41.4815,41.4784
107951,1002,5,0.915493,42.1215,1.00006,46.0124,46.0096
108300,1002,3,0.711584,32.044,1.00006,45.0349,45.032
109119,1002,3,0.839563,38.611,1.00006,45.9923,45.9894
110488,1002,2,0.401981,19.5274,1.00006,48.5807,48.578
110639,1002,2,0.584451,28.2453,1.00006,48.3306,48.3279
110868,1002,5,0.622538,30.2499,1.00006,48.5939,48.5912
111253,1002,4,0.630455,30.0659,1.00006,47.6919,47.6892
112959,1002,4,0.870359,40.0626,1.00006,46.0329,46.03
114250,1002,3,0.620221,28.8312,1.00006,46.4882,46.4854
115316,1002,3,0.779475,35.3162,1.00006,45.3106,45.3077
115516,1002,2,0.666237,30.0365,1.00006,45.0868,45.0839
117141,1002,5,0.727872,36.8128,1.00005,50.5785,50.5759
117543,1002,7,0.876002,37.1917,1.00007,42.4592,42.4561
118103,1002,3,0.709677,32.0557,1.00006,45.1723,45.1694
120502,1002,3,0.843053,38.2734,1.00006,45.4015,45.3986
120769,1002,4,0.814761,42.0304,1.00005,51.5888,51.5862
120922,1002,4,0.779214,37.6128,1.00006,48.2729,48.2702
121622,1002,2,0.571445,25.7303,1.00006,45.0295,45.0266
122581,1002,4,0.879055,36.6007,1.00008,41.6396,41.6365
122984,1002,5,0.817679,36.3312,1.00007,44.435,44.4321
123354,1002,3,0.620784,28.4958,1.00006,45.9058,45.9029
123502,1002,2,0.69037,33.0369,1.00006,47.8566,47.8539
123587,1002,6,0.911517,44.1794,1.00006,48.4707,48.468
124185,1002,3,0.409439,19.5616,1.00006,47.7793,47.7766
124224,1002,3,0.820318,34.6933,1.00007,42.2956,42.2925
125334,1002,4,0.840848,39.0558,1.00006,46.4509,46.4481
125551,1002,3,0.81134,38.8916,1.00006,47.9377,47.935
125806,1002,6,0.859618,38.7531,1.00006,45.0847,45.0818
126282,1002,4,0.750375,35.856,1.00006,47.7869,47.7841
126444,1002,5,0.83115,33.178,1.00008,39.9215,39.9182
127673,1002,4,0.763179,32.6857,1.00007,42.8314,42.8283
129051,1002,5,0.786721,35.3855,1.00006,44.9814,44.9785
131035,1002,4,0.761534,36.096,1.00006,47.4018,47.399
131105,1002,3,0.642659,29.2434,1.00006,45.5066,45.5038
131367,1002,6,0.846727,38.622,1.00006,45.6162,45.6133
132215,1002,4,0.790883,36.9872,1.00006,46.7698,46.767
133455,1002,2,0.581964,23.8101,1.00008,40.9166,40.9134
134284,1002,4,0.795072,37.342,1.00006,46.9697,46.9669
134897,1002,4,0.89569,37.4151,1.00007,41.7756,41.7724
135563,1002,2,0.551076,27.3837,1.00005,49.694,49.6914
136183,1002,4,0.760528,34.1048,1.00006,44.8465,44.8436
136889,1002,2,0.688735,33.0547,1.00006,47.996,47.9933
137003,1002,4,0.842094,34.9779,1.00008,41.54,41.5368
137350,1002,5,0.809064,37.3292,1.00006,46.1415,46.1387
137768,1002,3,0.869866,36.4318,1.00007,41.8851,41.882
138453,1002,5,0.853824,42.2453,1.00005,49.4804,49.4778
138482,1002,4,0.838127,35.1265,1.00007,41.9139,41.9108
139121,1002,3,0.777125,34.9365,1.00006,44.9589,44.956
139745,1002,5,0.823266,38.1144,1.00006,46.2994,46.2966
140221,1002,4,0.729239,34.433,1.00006,47.2205,47.2177
140264,1002,5,0.773962,33.8425,1.00007,43.7293,43.7263
141436,1002,5,0.867426,40.7952,1.00006,47.033,47.0302
142135,1002,3,0.742359,35.6476,1.00006,48.0222,48.0194
142417,1002,4,0.599015,27.7383,1.00006,46.3094,46.3065
143330,1002,6,0.710871,34.6915,1.00005,48.8041,48.8014
144309,1002,4,0.710908,32.8825,1.00006,46.2571,46.2543
147353,1002,5,0.930939,41.5511,1.00007,44.6364,44.6335
147369,1002,4,0.718893,34.9286,1.00006,48.5894,48.5867
149635,1002,5,0.857077,42.3691,1.00005,49.437,49.4343
150189,1002,6,0.817774,40.5683,1.00005,49.6109,49.6082
150489,1002,3,0.884062,38.7046,1.00007,43.7834,43.7805
151117,1002,4,0.840388,40.2627,1.00006,47.9123,47.9096
152328,1002,5,0.820792,40.1236,1.00005,48.8866,48.8839
154020,1002,4,0.699232,32.4766,1.00006,46.4488,46.446
154479,1002,1,0.717417,32.8812,1.00006,45.8356,45.8328
155626,1002,4,0.7521,35.7505,1.00006,47.537,47.5343
156326,1002,4,0.746998,30.039,1.00008,40.2162,40.213
157528,1002,6,0.872323,37.9866,1.00007,43.5495,43.5465
158100,1002,3,0.877525,38.3783,1.00007,43.7376,43.7346
160669,1002,1,0.847956,37.5497,1.00007,44.2855,44.2826
162106,1002,3,0.804445,35.8287,1.00007,44.5414,44.5384
162146,1002,1,0.870507,39.258,1.00006,45.1008,45.0979
162951,1002,4,0.861259,38.1955,1.00007,44.3514,44.3484
163013,1002,4,0.732193,35.8583,1.00005,48.9765,48.9739
163268,1002,4,0.633638,25.1096,1.00008,39.6311,39.6278
163482,1002,4,0.838994,37.2477,1.00007,44.3986,44.3956
163731,1002,3,0.843592,40.431,1.00006,47.9299,47.9272
163975,1002,3,0.627124,29.0665,1.00006,46.3517,46.3488
164096,1002,5,0.859763,36.5806,1.00007,42.5504,42.5473
165726,1002,8,0.801794,37.727,1.00006,47.056,47.0532
166777,1002,2,0.641967,28.0657,1.00007,43.7213,43.7183
166926,1002,6,0.874644,36.1642,1.00008,41.3505,41.3473
166948,1002,2,0.809288,35.7246,1.00007,44.1462,44.1433
167604,1002,2,0.353441,16.5507,1.00006,46.83,46.8272
167683,1002,5,0.8698,35.6554,1.00008,40.9959,40.9927
168012,1002,1,0.430215,20.3742,1.00006,47.361,47.3583
168375,1002,4,0.686046,30.3788,1.00007,44.284,44.2811
168409,1002,4,0.685613,31.8206,1.00006,46.4148,46.4119
168652,1002,4,0.900474,42.7612,1.00006,47.4902,47.4874
168746,1002,4,0.821633,38.0797,1.00006,46.3492,46.3464
169252,1002,3,0.674902,29.1638,1.00007,43.2149,43.2119
170069,1002,1,0.312489,15.0074,1.00006,48.0281,48.0254
170165,1002,6,0.827918,40.5133,1.00005,48.9367,48.934
170380,1002,2,0.678723,28.418,1.00007,41.8729,41.8698
170956,1002,2,0.917439,39.9286,1.00007,43.5248,43.5218
171508,1002,3,0.672874,30.9179,1.00006,45.9518,45.949
172017,1002,3,0.320655,14.48,1.00006,45.1604,45.1575
173792,1002,3,0.853599,38.3263,1.00006,44.9026,44.8997
173804,1002,3,0.806551,34.3851,1.00007,42.6354,42.6323
174205,1002,4,0.911807,40.763,1.00007,44.7086,44.7057
174768,1002,3,0.824254,37.1482,1.00006,45.0718,45.0689
174989,1002,4,0.82331,39.8402,1.00006,48.3929,48.3902
175722,1002,2,0.391588,18.3485,1.00006,46.8593,46.8566
176614,1002,5,0.682412,32.4091,1.00006,47.4947,47.4919
176720,1002,6,0.785441,38.2037,1.00006,48.6425,48.6398
177065,1002,2,0.524729,21.1456,1.00008,40.3014,40.2981
177322,1002,2,0.494447,20.7838,1.00007,42.0376,42.0345
177431,1002,2,0.836736,38.3845,1.00006,45.8769,45.8741
177539,1002,5,0.824948,40.4862,1.00005,49.08,49.0773
178238,1002,2,0.883455,43.0477,1.00005,48.7292,48.7265
178872,1002,2,0.663386,28.7639,1.00007,43.3623,43.3592
179261,1002,4,0.808982,35.9121,1.00007,44.3947,44.3918
180023,1002,5,0.901777,40.7233,1.00006,45.1619,45.159
180796,1002,2,0.666417,32.9785,1.00005,49.489,49.4864
180890,1002,5,0.905972,43.8461,1.00006,48.3995,48.3968
181982,1002,4,0.541749,26.9556,1.00005,49.7592,49.7566
183027,1002,3,0.800672,32.1515,1.00008,40.1589,40.1557
186007,1002,3,0.764863,30.9338,1.00008,40.4469,40.4436
187169,1002,5,0.81792,38.5386,1.00006,47.1206,47.1178
187535,1002,5,0.805395,38.7135,1.00006,48.0704,48.0677
188528,1002,2,0.288399,12.8679,1.00007,44.6215,44.6186
189922,1002,3,0.781414,34.6786,1.00007,44.3822,44.3792
191531,1002,4,0.46034,20.8351,1.00006,45.2631,45.2602
191947,1002,5,0.803924,37.9986,1.00006,47.2692,47.2664
192065,1002,4,0.870447,38.8986,1.00007,44.691,44.6881
192193,1002,6,0.729034,35.3855,1.00006,48.5402,48.5375
193643,1002,5,0.867133,38.6305,1.00007,44.5526,44.5496
194453,1002,5,0.914893,45.6967,1.00005,49.9502,49.9475
194526,1002,4,0.905221,37.487,1.00008,41.4151,41.4119
194613,1002,6,0.709397,32.4195,1.00006,45.7028,45.7
194690,1002,5,0.67629,28.4135,1.00007,42.0169,42.0138
194933,1002,4,0.801132,38.9992,1.00006,48.6828,48.6802
195307,1002,6,0.930809,44.6698,1.00006,47.993,47.9903
196599,1002,3,0.536098,26.8074,1.00005,50.0072,50.0046
196780,1002,5,0.497197,24.3123,1.00005,48.9013,48.8987
198075,1002,1,0.607357,26.4547,1.00007,43.5602,43.5572
198949,1002,4,0.756043,35.5204,1.00006,46.9848,46.9821
752,1002,7,0.90915,43.22,1.00006,47.5417,47.5389
992,1002,5,0.704845,35.1901,1.00005,49.9285,49.9259
1678,1002,5,0.704319,30.5649,1.00007,43.3995,43.3965
3280,1002,4,0.745061,33.4382,1.00006,44.8827,44.8798
3437,1002,7,0.887477,36.6678,1.00008,41.32,41.3169
4163,1002,3,0.587465,25.177,1.00007,42.8601,42.857
4382,1002,3,0.5697,26.3584,1.00006,46.2701,46.2672
5574,1002,5,0.906049,44.1026,1.00006,48.6784,48.6757
6010,1002,5,0.868316,40.2075,1.00006,46.308,46.3051
7275,1002,2,0.696289,29.9334,1.00007,42.993,42.9899
7973,1002,3,0.801939,38.0844,1.00006,47.4932,47.4904
8124,1002,2,0.509453,23.4755,1.00006,46.0827,46.0798
9943,1002,3,0.883339,38.1465,1.00007,43.1874,43.1844
10434,1002,4,0.869317,40.8673,1.00006,47.0135,47.0108
11122,1002,2,0.830061,37.4412,1.00006,45.1094,45.1066
11576,1002,1,0.269495,12.0096,1.00007,44.5665,44.5636
13543,1002,6,0.764435,34.0944,1.00007,44.6038,44.6008
13735,1002,5,0.73463,34.0819,1.00006,46.396,46.3932
14659,1002,4,0.481791,21.4978,1.00007,44.6234,44.6205
19168,1002,4,0.939059,44.9035,1.00006,47.8203,47.8176
19613,1002,4,0.891268,41.373,1.00006,46.4232,46.4204
20658,1002,5,0.870706,43.4567,1.00005,49.9123,49.9097
20912,1002,4,0.798347,38.1385,1.00006,47.7745,47.7718
22346,1002,2,0.893659,38.7973,1.00007,43.417,43.414
22474,1002,4,0.878615,35.5245,1.00008,40.4356,40.4324
23033,1002,3,0.491167,22.9444,1.00006,46.7169,46.7141
24606,1002,3,0.796498,35.9978,1.00006,45.198,45.1951
25453,1002,1,0.550652,21.969,1.00008,39.8997,39.8964
25506,1002,5,0.907721,43.5979,1.00006,48.0328,48.0301
25788,1002,2,0.625341,27.6494,1.00007,44.2178,44.2149
26664,1002,3,0.783495,36.3744,1.00006,46.4286,46.4258
26671,1002,4,0.886318,39.6831,1.00007,44.7759,44.773
28131,1002,2,0.829013,41.0189,1.00005,49.4819,49.4792
28164,1002,5,0.830537,39.983,1.00006,48.1439,48.1412
28841,1002,5,0.922808,40.6261,1.00007,44.0274,44.0244
29091,1002,4,0.770835,33.9697,1.00007,44.0717,44.0687
29132,1002,5,0.821364,41.8513,1.00005,50.9559,50.9534
29719,1002,4,0.796832,37.4994,1.00006,47.0634,47.0606
31014,1002,4,0.747699,33.4324,1.00007,44.7166,44.7137
31680,1002,6,0.935008,46.5898,1.00005,49.8308,49.8282
32025,1002,4,0.797882,34.1492,1.00007,42.8029,42.7998
35375,1002,2,0.581936,28.6652,1.00005,49.2609,49.2583
37070,1002,4,0.792252,40.2579,1.00005,50.8171,50.8145
37130,1002,3,0.662211,33.1495,1.00005,50.0614,50.0588
38056,1002,2,0.850133,35.9373,1.00007,42.2757,42.2726
42005,1002,4,0.710356,29.1224,1.00008,41.0001,40.9969
43137,1002,5,0.884284,42.1073,1.00006,47.6201,47.6173
43494,1002,6,0.935302,41.0003,1.00007,43.8394,43.8364
45178,1002,4,0.726137,31.6966,1.00007,43.654,43.651
45679,1002,4,0.786963,37.7455,1.00006,47.9662,47.9635
46311,1002,4,0.873243,44.1689,1.00005,50.5829,50.5803
47473,1002,5,0.74099,31.7533,1.00007,42.8556,42.8525
48089,1002,3,0.930894,42.7938,1.00006,45.9734,45.9706
49481,1002,4,0.658357,29.5826,1.00006,44.9369,44.934
49677,1002,4,0.648395,30.1164,1.00006,46.4504,46.4476
49891,1002,4,0.745489,32.3856,1.00007,43.4452,43.4422
50205,1002,4,0.722953,31.9168,1.00007,44.1508,44.1478
50904,1002,4,0.877183,45.0367,1.00005,51.3449,51.3424
51155,1002,4,0.841834,36.4874,1.00007,43.3457,43.3427
51735,1002,2,0.711798,30.5532,1.00007,42.9271,42.924
53178,1002,3,0.731467,34.1379,1.00006,46.6733,46.6705
53215,1002,4,0.890477,36.6019,1.00008,41.1069,41.1037
54230,1002,3,0.58546,27.1731,1.00006,46.416,46.4132
54455,1002,5,0.953631,43.4777,1.00006,45.5946,45.5917
54989,1002,3,0.48662,21.7486,1.00007,44.6961,44.6932
55442,1002,3,0.703326,31.0887,1.00007,44.2053,44.2023
56794,1002,3,0.785157,34.2536,1.00007,43.6295,43.6265
58206,1002,4,0.745116,33.259,1.00007,44.6389,44.636
58353,1002,5,0.796336,39.529,1.00005,49.6412,49.6385
59265,1002,2,0.823077,37.1577,1.00006,45.1477,45.1448
59613,1002,2,0.370332,17.1907,1.00006,46.4226,46.4198
59860,1002,3,0.801027,33.7037,1.00007,42.0787,42.0756
61520,1002,2,0.801396,40.0242,1.00005,49.9458,49.9432
61657,1002,4,0.828882,36.5846,1.00007,44.1403,44.1373
61888,1002,6,0.713397,29.3925,1.00008,41.2039,41.2007
62068,1002,7,0.915529,37.3479,1.00008,40.797,40.7938
63302,1002,7,0.902217,45.6295,1.00005,50.5774,50.5748
65922,1002,6,0.878147,41.8986,1.00006,47.7152,47.7125
68321,1002,3,0.918394,43.1618,1.00006,46.9999,46.9971
68516,1002,8,0.799487,39.72,1.00005,49.6845,49.6819
68646,1002,4,0.785771,37.624,1.00006,47.8843,47.8816
69033,1002,3,0.818076,37.153,1.00006,45.418,45.4151
69895,1002,3,0.914971,40.5045,1.00007,44.2716,44.2687
70414,1002,5,0.869507,40.8258,1.00006,46.9556,46.9528
71011,1002,5,0.847132,44.047,1.00005,51.998,51.9955
71272,1002,4,0.613205,29.0524,1.00006,47.3807,47.378
72878,1002,5,0.855806,39.3679,1.00006,46.0038,46.0009
73926,1002,2,0.575042,23.6495,1.00008,41.1298,41.1266
74305,1002,2,0.41505,17.7275,1.00007,42.7149,42.7118
75495,1002,4,0.773594,38.0073,1.00005,49.1335,49.1309
75572,1002,3,0.783354,40.4428,1.00005,51.6303,51.6278
75820,1002,4,0.900004,39.6874,1.00007,44.0998,44.0969
76624,1002,2,0.64997,31.446,1.00006,48.3834,48.3807
77583,1002,3,0.747456,30.1142,1.00008,40.2921,40.2889
77771,1002,5,0.916513,41.2038,1.00006,44.9601,44.9572
78216,1002,4,0.804208,36.4501,1.00006,45.3271,45.3242
78393,1002,4,0.619459,30.4413,1.00005,49.1445,49.1418
78397,1002,6,0.852387,38.6659,1.00006,45.3648,45.3619
79874,1002,3,0.92896,40.5853,1.00007,43.692,43.689
80428,1002,5,0.871708,40.8422,1.00006,46.8558,46.853
80503,1002,2,0.395308,18.9719,1.00006,47.9954,47.9927
80917,1002,3,0.77055,34.2919,1.00007,44.5061,44.5032
81404,1002,3,0.70091,30.887,1.00007,44.0699,44.0669
81415,1002,4,0.844741,36.5493,1.00007,43.2698,43.2668
83040,1002,7,0.925644,44.384,1.00006,47.9521,47.9493
83367,1002,4,0.587798,28.3027,1.00006,48.1531,48.1503
84425,1002,5,0.864012,40.085,1.00006,46.3969,46.3941
85357,1002,6,0.853707,38.7484,1.00006,45.3912,45.3884
85528,1002,3,0.830276,33.8585,1.00008,40.783,40.7798
86459,1002,1,0.413002,18.6338,1.00006,45.1208,45.1179
86491,1002,4,0.88417,42.4112,1.00006,47.9699,47.9672
88616,1002,6,0.890378,40.3046,1.00006,45.2697,45.2668
89563,1002,4,0.608516,26.34,1.00007,43.2887,43.2857
89955,1002,3,0.896718,41.8011,1.00006,46.6185,46.6157
90854,1002,2,0.754501,33.6834,1.00007,44.6462,44.6433
91190,1002,4,0.750525,38.4493,1.00005,51.2324,51.2299
92294,1002,5,0.876524,44.8524,1.00005,51.1733,51.1707
93414,1002,2,0.518246,24.7524,1.00006,47.7645,47.7618
96051,1002,4,0.845521,41.7056,1.00005,49.328,49.3253
97759,1002,4,0.854392,35.3262,1.00008,41.3498,41.3466
98184,1002,2,0.880115,38.5019,1.00007,43.7494,43.7465
98579,1002,5,0.726397,33.281,1.00006,45.8193,45.8165
98679,1002,5,0.707786,34.3671,1.00006,48.5585,48.5558
99608,1002,5,0.910292,45.1869,1.00005,49.6426,49.64
100082,1002,3,0.858207,38.4724,1.00006,44.8318,44.8289
100596,1002,3,0.747224,31.4358,1.00007,42.0732,42.0701
100628,1002,6,0.894571,37.3471,1.00007,41.7517,41.7485
101009,1002,2,0.684095,29.7861,1.00007,43.5438,43.5408
101946,1002,5,0.681935,28.8075,1.00007,42.2468,42.2437
103284,1002,3,0.599482,29.5245,1.00005,49.2527,49.25
104204,1002,3,0.478541,21.1534,1.00007,44.2069,44.2039
106667,1002,4,0.774619,38.7123,1.00005,49.9785,49.9759
109240,1002,4,0.918539,46.972,1.00005,51.1403,51.1377
109555,1002,3,0.639031,30.841,1.00006,48.2648,48.2621
111366,1002,2,0.617373,28.0165,1.00006,45.3831,45.3802
111501,1002,4,0.546691,26.6649,1.00005,48.7778,48.7751
111775,1002,3,0.885642,37.2749,1.00007,42.0911,42.088
111852,1002,3,0.898122,44.8953,1.00005,49.9906,49.988
112989,1002,5,0.843789,37.9541,1.00006,44.9835,44.9806
113731,1002,6,0.811228,38.125,1.00006,46.9995,46.9967
115077,1002,4,0.695506,33.4324,1.00006,48.072,48.0693
115228,1002,5,0.744184,33.3274,1.00007,44.7868,44.7839
116339,1002,3,0.362652,18.4308,1.00005,50.8249,50.8223
116526,1002,3,0.928109,42.1681,1.00006,45.4372,45.4344
116795,1002,2,0.654335,30.65,1.00006,46.8442,46.8414
117005,1002,4,0.868863,44.4753,1.00005,51.1905,51.1879
117080,1002,3,0.69293,29.6359,1.00007,42.772,42.7689
119844,1002,4,0.901966,40.1846,1.00007,44.5551,44.5522
120759,1002,2,0.791068,35.8401,1.00006,45.3088,45.3059
122162,1002,4,0.870282,43.7447,1.00005,50.2676,50.265
122365,1002,3,0.808257,36.1962,1.00007,44.7859,44.783
122990,1002,4,0.809325,36.245,1.00007,44.7872,44.7842
123172,1002,4,0.887807,40.9484,1.00006,46.126,46.1232
123896,1002,3,0.869269,36.5591,1.00007,42.0604,42.0573
124914,1002,1,0.475117,21.5021,1.00006,45.2592,45.2563
125669,1002,3,0.823903,38.7047,1.00006,46.98,46.9772
126472,1002,5,0.661894,31.9295,1.00006,48.2422,48.2395
128539,1002,5,0.782956,38.6144,1.00005,49.3214,49.3188
128592,1002,2,0.871486,36.7757,1.00007,42.202,42.1989
128800,1002,4,0.857868,41.7546,1.00006,48.6752,48.6726
129738,1002,3,0.766512,34.993,1.00006,45.6551,45.6522
129864,1002,3,0.865612,36.1908,1.00007,41.8127,41.8095
131109,1002,4,0.828428,40.434,1.00005,48.8107,48.8081
133010,1002,2,0.764752,32.8399,1.00007,42.945,42.9419
133566,1002,4,0.876363,43.0522,1.00005,49.1287,49.126
135169,1002,7,0.774707,35.9288,1.00006,46.3801,46.3773
136530,1002,3,0.733377,31.1664,1.00007,42.5003,42.4972
137354,1002,6,0.811035,34.8365,1.00007,42.9562,42.9531
137434,1002,5,0.783817,36.3066,1.00006,46.3231,46.3202
138650,1002,2,0.927316,44.5676,1.00006,48.0636,48.0608
138805,1002,7,0.873384,38.6234,1.00007,44.2257,44.2227
139761,1002,2,0.458206,22.6302,1.00005,49.3913,49.3887
139781,1002,5,0.752066,30.5298,1.00008,40.5978,40.5945
140311,1002,1,0.692119,33.5851,1.00006,48.5277,48.525
140488,1002,5,0.847967,36.9977,1.00007,43.6341,43.6311
140645,1002,1,0.36934,17.5375,1.00006,47.486,47.4832
141452,1002,3,0.596086,24.5627,1.00008,41.2098,41.2066
141508,1002,6,0.85422,37.0162,1.00007,43.3363,43.3333
141648,1002,6,0.933244,46.6955,1.00005,50.0382,50.0356
142162,1002,3,0.889434,39.258,1.00007,44.1411,44.1381
142681,1002,4,0.834539,36.3492,1.00007,43.559,43.556
142908,1002,4,0.744546,30.4157,1.00008,40.8546,40.8514
143036,1002,5,0.665962,33.9547,1.00005,50.9886,50.986
143568,1002,4,0.826521,40.477,1.00005,48.9754,48.9727
143771,1002,4,0.799396,38.3613,1.00006,47.9906,47.9878
144379,1002,3,0.501365,20.5737,1.00008,41.0385,41.0353
144713,1002,3,0.718224,31.5648,1.00007,43.9514,43.9484
144747,1002,1,0.377004,15.5021,1.00008,41.1224,41.1192
144807,1002,5,0.823132,33.6512,1.00008,40.885,40.8818
145061,1002,4,0.701611,30.3775,1.00007,43.2998,43.2968
145063,1002,6,0.823978,38.4588,1.00006,46.6773,46.6745
145979,1002,4,0.818968,34.78,1.00007,42.4711,42.4681
146862,1002,7,0.93518,40.4717,1.00007,43.2799,43.2769
147049,1002,2,0.866591,36.2437,1.00007,41.8264,41.8233
147437,1002,4,0.858143,41.235,1.00006,48.0542,48.0514
147897,1002,4,0.85239,37.2404,1.00007,43.6924,43.6895
149461,1002,3,0.680569,31.1593,1.00006,45.7871,45.7842
149906,1002,3,0.581322,27.5993,1.00006,47.4795,47.4767
149943,1002,5,0.813065,32.2952,1.00008,39.7235,39.7203
150721,1002,2,0.769876,33.9214,1.00007,44.0638,44.0608
150732,1002,3,0.725037,31.156,1.00007,42.9747,42.9716
151084,1002,6,0.874073,38.5643,1.00007,44.1232,44.1203
151372,1002,2,0.574125,25.7439,1.00006,44.8432,44.8403
151973,1002,7,0.736038,31.9437,1.00007,43.4026,43.3996
155650,1002,4,0.775557,31.1046,1.00008,40.1094,40.1061
157019,1002,5,0.861047,40.8353,1.00006,47.4279,47.4251
157367,1002,4,0.799702,37.4718,1.00006,46.86,46.8572
157840,1002,4,0.812585,40.1622,1.00005,49.4278,49.4252
157895,1002,7,0.808371,39.2103,1.00006,48.508,48.5053
157976,1002,5,0.889774,40.9907,1.00006,46.0715,46.0686
158104,1002,2,0.667493,27.7881,1.00008,41.6337,41.6306
162024,1002,2,0.860463,42.4215,1.00005,49.3034,49.3008
162812,1002,2,0.435753,18.1741,1.00008,41.7105,41.7074
162856,1002,4,0.876683,41.0258,1.00006,46.7995,46.7967
162867,1002,2,0.809456,37.4292,1.00006,46.2428,46.2399
163197,1002,3,0.682527,28.526,1.00007,41.7979,41.7947
164836,1002,4,0.932351,43.4621,1.00006,46.6183,46.6155
165280,1002,6,0.899733,41.8679,1.00006,46.5365,46.5337
166304,1002,5,0.780052,33.1711,1.00007,42.5273,42.5243
166402,1002,3,0.525312,25.3942,1.00006,48.3439,48.3412
170565,1002,6,0.759063,39.1063,1.00005,51.5218,51.5192
171555,1002,4,0.910457,38.7138,1.00007,42.5243,42.5212
172347,1002,4,0.859736,36.6984,1.00007,42.6888,42.6857
174809,1002,7,0.736647,36.1003,1.00005,49.0089,49.0063
175139,1002,3,0.558198,24.5614,1.00007,44.0041,44.0012
175872,1002,4,0.739148,33.9288,1.00006,45.9053,45.9025
178569,1002,6,0.789293,38.1587,1.00006,48.3482,48.3455
178870,1002,3,0.782405,34.4857,1.00007,44.0796,44.0766
179672,1002,4,0.916137,39.0796,1.00007,42.6599,42.6569
179756,1002,3,0.823052,40.5633,1.00005,49.2867,49.2841
180344,1002,2,0.440083,20.6906,1.00006,47.0179,47.0152
181057,1002,4,0.757063,32.1657,1.00007,42.4905,42.4875
181877,1002,4,0.791877,35.5498,1.00006,44.896,44.8931
182518,1002,3,0.694878,30.5239,1.00007,43.93,43.927
182674,1002,4,0.779585,39.737,1.00005,50.9746,50.972
184038,1002,2,0.668844,27.0008,1.00008,40.3726,40.3693
184546,1002,6,0.844848,42.1791,1.00005,49.9277,49.9251
184828,1002,5,0.667233,30.7957,1.00006,46.1572,46.1544
184851,1002,5,0.836552,39.19,1.00006,46.8499,46.8471
185955,1002,6,0.775987,34.9214,1.00006,45.0054,45.0025
186284,1002,6,0.784858,39.4597,1.00005,50.2788,50.2762
187588,1002,1,0.543292,26.4662,1.00005,48.7171,48.7144
190101,1002,4,0.647761,31.1708,1.00006,48.1236,48.1209
191233,1002,3,0.536241,24.5201,1.00006,45.7287,45.7258
191422,1002,2,0.602189,25.2214,1.00007,41.886,41.8829
192639,1002,6,0.588169,26.6506,1.00006,45.314,45.3111
193306,1002,4,0.710601,29.8234,1.00007,41.9724,41.9693
193432,1002,4,0.800549,37.9567,1.00006,47.4161,47.4133
195577,1002,6,0.876159,36.7002,1.00007,41.8908,41.8876
195836,1002,4,0.361472,17.2339,1.00006,47.6797,47.6769
195962,1002,4,0.920798,40.1392,1.00007,43.5947,43.5917
196052,1002,6,0.783786,38.8143,1.00005,49.5241,49.5215
196689,1002,3,0.863917,35.6662,1.00008,41.2875,41.2843
197400,1002,3,0.645566,28.4624,1.00007,44.0919,44.089
197772,1002,3,0.804036,34.8024,1.00007,43.2876,43.2846
199941,1002,3,0.614888,27.4039,1.00007,44.5702,44.5673
884,1002,2,0.433223,18.019,1.00008,41.596,41.5929
2197,1002,2,0.332796,16.3346,1.00005,49.0855,49.0828
2650,1002,3,0.898402,42.3418,1.00006,47.1329,47.1301
3123,1002,5,0.723297,35.5787,1.00005,49.1923,49.1896
3531,1002,3,0.492585,23.5048,1.00006,47.72,47.7173
3895,1002,3,0.383847,18.2597,1.00006,47.5731,47.5704
4138,1002,6,0.906898,45.5145,1.00005,50.1896,50.187
5550,1002,7,0.819144,38.0604,1.00006,46.4665,46.4637
6001,1002,3,0.869127,39.2966,1.00006,45.2168,45.2139
6127,1002,5,0.892564,43.1914,1.00006,48.3929,48.3902
6869,1002,2,0.86132,42.3149,1.00005,49.1306,49.128
8003,1002,7,0.927996,39.5059,1.00007,42.5743,42.5712
8209,1002,2,0.847827,36.8853,1.00007,43.5087,43.5057
8471,1002,6,0.873582,40.8556,1.00006,46.7707,46.7679
8759,1002,3,0.84657,39.2174,1.00006,46.3279,46.3251
8950,1002,3,0.691535,31.3077,1.00006,45.2756,45.2728
9011,1002,6,0.912014,42.028,1.00006,46.0855,46.0826
9549,1002,5,0.762515,32.4098,1.00007,42.5069,42.5038
11556,1002,1,0.614675,26.3655,1.00007,42.8964,42.8933
11655,1002,4,0.773824,38.746,1.00005,50.0734,50.0708
12057,1002,3,0.808474,38.2591,1.00006,47.3254,47.3227
13786,1002,4,0.851102,36.4023,1.00007,42.7738,42.7708
15251,1002,3,0.883501,40.1035,1.00006,45.3944,45.3915
15415,1002,5,0.896564,40.3756,1.00006,45.0366,45.0337
17139,1002,2,0.616273,26.9437,1.00007,43.7233,43.7204
17470,1002,5,0.817274,35.0104,1.00007,42.8411,42.8381
17638,1002,5,0.846001,39.0394,1.00006,46.1486,46.1458
17914,1002,3,0.741711,33.7781,1.00006,45.5437,45.5408
18084,1002,5,0.919824,40.8127,1.00007,44.373,44.3701
18212,1002,4,0.868113,38.7627,1.00007,44.6546,44.6516
18374,1002,4,0.845256,41.8471,1.00005,49.5108,49.5082
19002,1002,5,0.822481,35.9092,1.00007,43.6626,43.6596
19268,1002,1,0.544307,24.4975,1.00006,45.0097,45.0068
19732,1002,3,0.678417,33.747,1.00005,49.7463,49.7437
20889,1002,4,0.88554,35.855,1.00008,40.4927,40.4895
21127,1002,5,0.657666,29.1976,1.00007,44.3987,44.3958
21667,1002,4,0.818916,39.8264,1.00006,48.6358,48.6331
22130,1002,3,0.792012,35.3662,1.00007,44.6565,44.6536
22343,1002,3,0.810938,36.9512,1.00006,45.5688,45.566
22360,1002,6,0.560968,26.1232,1.00006,46.5709,46.5681
23454,1002,4,0.808111,39.828,1.00005,49.288,49.2853
24147,1002,3,0.367817,16.6448,1.00006,45.2558,45.2529
24358,1002,3,0.759367,31.5061,1.00008,41.4931,41.4899
24714,1002,4,0.867692,41.3386,1.00006,47.6448,47.6421
26020,1002,4,0.771581,36.0727,1.00006,46.7544,46.7516
26798,1002,2,0.744946,33.2638,1.00007,44.6556,44.6526
27276,1002,5,0.880651,41.9264,1.00006,47.6112,47.6084
27293,1002,5,0.789406,35.3248,1.00007,44.7515,44.7486
27764,1002,2,0.679287,33.948,1.00005,49.9785,49.9759
27820,1002,3,0.806113,35.8821,1.00007,44.5154,44.5125
28471,1002,7,0.932289,45.4411,1.00005,48.7442,48.7415
29354,1002,4,0.836857,38.7094,1.00006,46.2585,46.2557
30750,1002,5,0.839623,36.3092,1.00007,43.2477,43.2446
32263,1002,4,0.837887,41.0752,1.00005,49.025,49.0223
33145,1002,4,0.894353,39.878,1.00007,44.5916,44.5887
34628,1002,3,0.725703,31.6561,1.00007,43.6243,43.6213
34866,1002,4,0.839396,39.6792,1.00006,47.2739,47.2712
36699,1002,4,0.799293,32.1383,1.00008,40.2116,40.2084
36910,1002,3,0.278215,13.5618,1.00005,48.7484,48.7457
37481,1002,3,0.589205,26.6602,1.00006,45.2507,45.2478
38519,1002,5,0.905086,38.4631,1.00007,42.4997,42.4966
38774,1002,7,0.81585,38.8465,1.00006,47.6175,47.6148
38906,1002,1,0.773057,36.8439,1.00006,47.6627,47.66
39055,1002,5,0.851276,43.4569,1.00005,51.0517,51.0491
40856,1002,3,0.830519,38.2367,1.00006,46.0423,46.0395
42302,1002,2,0.605486,24.4531,1.00008,40.3891,40.3859
43277,1002,6,0.825713,35.3429,1.00007,42.806,42.8029
43937,1002,1,0.676377,27.9132,1.00008,41.2719,41.2687
44132,1002,6,0.681106,33.7256,1.00005,49.5186,49.516
45605,1002,3,0.723798,36.1426,1.00005,49.9372,49.9346
47193,1002,3,0.894927,35.8561,1.00008,40.0693,40.066
47299,1002,5,0.936391,44.9397,1.00006,47.9951,47.9924
48075,1002,3,0.611827,31.1151,1.00005,50.8587,50.8561
48087,1002,4,0.888903,41.1851,1.00006,46.3353,46.3325
48204,1002,1,0.863533,34.5539,1.00008,40.0179,40.0146
49277,1002,4,0.689874,29.6625,1.00007,42.9999,42.9969
49405,1002,1,0.567133,24.9555,1.00007,44.0059,44.0029
50118,1002,6,0.874627,38.5482,1.00007,44.0769,44.0739
50538,1002,6,0.877053,38.7749,1.00007,44.2134,44.2104
53717,1002,4,0.870057,40.6503,1.00006,46.7243,46.7215
54646,1002,1,0.784191,38.1529,1.00006,48.6552,48.6525
55626,1002,4,0.79553,37.9402,1.00006,47.6945,47.6918
56313,1002,2,0.880428,39.5277,1.00006,44.8989,44.896
56332,1002,5,0.813368,35.2699,1.00007,43.3658,43.3628
56748,1002,5,0.883922,45.2125,1.00005,51.1524,51.1499
56978,1002,7,0.928845,43.6295,1.00006,46.9745,46.9717
57541,1002,4,0.805677,39.9347,1.00005,49.5693,49.5667
58186,1002,4,0.524242,25.6537,1.00005,48.9374,48.9348
59247,1002,6,0.885005,38.9793,1.00007,44.0472,44.0442
59838,1002,4,0.869817,41.247,1.00006,47.4231,47.4203
59872,1002,3,0.768073,31.9832,1.00008,41.6439,41.6408
60541,1002,4,0.696169,32.4351,1.00006,46.5936,46.5908
60900,1002,5,0.815695,36.3043,1.00007,44.5102,44.5073
60939,1002,3,0.755701,38.5016,1.00005,50.9508,50.9482
61520,1002,3,0.900838,38.281,1.00007,42.498,42.4949
62208,1002,2,0.768198,32.3603,1.00007,42.1281,42.125
62609,1002,6,0.81139,37.7514,1.00006,46.5296,46.5268
63342,1002,4,0.848091,45.1285,1.00005,53.2144,53.2119
63771,1002,3,0.910774,37.5041,1.00008,41.1814,41.1783
66226,1002,2,0.629634,29.7435,1.00006,47.2421,47.2393
67878,1002,4,0.8205,37.2535,1.00006,45.4063,45.4034
68707,1002,4,0.664889,31.7788,1.00006,47.7984,47.7957
69726,1002,3,0.859311,35.4112,1.00008,41.212,41.2089
69858,1002,2,0.802078,39.3059,1.00005,49.0078,49.0051
70011,1002,3,0.725698,29.9606,1.00008,41.2884,41.2852
71391,1002,5,0.797585,39.2896,1.00005,49.2634,49.2608
73761,1002,3,0.699825,29.0559,1.00008,41.522,41.5189
74254,1002,3,0.867031,39.2119,1.00006,45.2284,45.2255
76119,1002,5,0.840787,37.0718,1.00007,44.0947,44.0917
76629,1002,5,0.894168,41.3744,1.00006,46.2742,46.2714
77993,1002,7,0.850272,40.3958,1.00006,47.512,47.5092
78233,1002,3,0.827972,39.7539,1.00006,48.0163,48.0136
78300,1002,2,0.534686,22.1227,1.00008,41.3782,41.375
79611,1002,8,0.929452,48.5312,1.00005,52.2174,52.2149
80167,1002,6,0.787443,38.958,1.00005,49.4767,49.474
80334,1002,2,0.620018,28.268,1.00006,45.5951,45.5922
81076,1002,8,0.911011,40.3183,1.00007,44.2596,44.2567
81254,1002,2,0.766017,33.7599,1.00007,44.075,44.072
81492,1002,4,0.774321,32.8108,1.00007,42.3767,42.3736
82983,1002,3,0.658946,33.4297,1.00005,50.7347,50.7322
83442,1002,3,0.703452,32.2227,1.00006,45.8093,45.8065
84280,1002,4,0.813243,38.0705,1.00006,46.816,46.8132
86110,1002,3,0.832288,37.3766,1.00006,44.9111,44.9082
87795,1002,3,0.795501,32.4414,1.00008,40.7842,40.781
88107,1002,3,0.825639,36.7513,1.00007,44.5155,44.5125
88296,1002,5,0.782776,36.5227,1.00006,46.6607,46.6579
88890,1002,5,0.824566,33.493,1.00008,40.6221,40.6189
89997,1002,5,0.742168,34.4375,1.00006,46.4041,46.4012
90596,1002,2,0.710695,32.1537,1.00006,45.2456,45.2427
92058,1002,7,0.777457,34.0345,1.00007,43.7797,43.7767
92306,1002,3,0.538065,23.6002,1.00007,43.8642,43.8613
95794,1002,4,0.907555,40.1783,1.00007,44.2738,44.2709
96983,1002,5,0.889664,41.3157,1.00006,46.4425,46.4397
97574,1002,1,0.225206,10.9979,1.00005,48.8376,48.8349
98716,1002,3,0.781607,36.4178,1.00006,46.5963,46.5935
98746,1002,5,0.873548,37.4831,1.00007,42.912,42.909
99643,1002,4,0.682717,28.2659,1.00008,41.4053,41.4021
101432,1002,4,0.905544,41.5841,1.00006,45.9246,45.9217
101626,1002,5,0.671309,33.2653,1.00005,49.5555,49.5529
101707,1002,9,0.840005,40.9677,1.00005,48.7734,48.7707
103252,1002,7,0.884561,38.4485,1.00007,43.4692,43.4662
104805,1002,2,0.77191,32.1813,1.00008,41.6936,41.6905
105523,1002,2,0.758259,32.9449,1.00007,43.451,43.448
105542,1002,4,0.961735,45.9827,1.00006,47.815,47.8122
105723,1002,5,0.833711,38.5489,1.00006,46.2405,46.2377
107004,1002,4,0.708027,33.3275,1.00006,47.0738,47.071
107911,1002,3,0.754638,31.8475,1.00007,42.2055,42.2024
108668,1002,6,0.874766,40.3854,1.00006,46.1699,46.1671
109164,1002,3,0.765627,35.2814,1.00006,46.0846,46.0817
110392,1002,5,0.694373,28.8533,1.00008,41.5562,41.5531
112128,1002,4,0.845069,34.0963,1.00008,40.3506,40.3473
114450,1002,4,0.8157,37.5211,1.00006,46.0015,45.9987
116089,1002,5,0.799026,39.5218,1.00005,49.4651,49.4625
116359,1002,3,0.734258,31.9405,1.00007,43.5034,43.5004
116371,1002,3,0.908755,40.6725,1.00007,44.7593,44.7563
116420,1002,3,0.630795,25.5978,1.00008,40.5834,40.5802
116530,1002,3,0.695592,30.0238,1.00007,43.166,43.163
116837,1002,2,0.55283,22.1132,1.00008,40.0032,40
117102,1002,4,0.738665,34.5512,1.00006,46.778,46.7752
117397,1002,3,0.921292,39.8812,1.00007,43.2914,43.2884
118608,1002,2,0.549803,22.4464,1.00008,40.8295,40.8263
119175,1002,5,0.908671,39.0107,1.00007,42.9346,42.9316
119850,1002,5,0.782396,34.3485,1.00007,43.9046,43.9016
120123,1002,4,0.881438,37.6836,1.00007,42.7555,42.7525
120401,1002,3,0.73323,31.5393,1.00007,43.0173,43.0143
120560,1002,5,0.883417,43.0281,1.00006,48.7092,48.7065
121220,1002,4,0.883506,39.5244,1.00007,44.7388,44.7359
124516,1002,4,0.825132,34.5843,1.00007,41.9168,41.9137
125318,1002,7,0.821279,40.4257,1.00005,49.2254,49.2228
126971,1002,1,0.578887,25.319,1.00007,43.7404,43.7374
127498,1002,4,0.847673,41.4655,1.00005,48.9195,48.9169
128358,1002,3,0.857582,38.7386,1.00006,45.1748,45.1719
130597,1002,5,0.857767,35.1783,1.00008,41.0147,41.0115
130938,1002,4,0.747277,33.2149,1.00007,44.4508,44.4479
131160,1002,6,0.817615,40.2701,1.00005,49.2558,49.2531
131252,1002,5,0.784821,37.307,1.00006,47.5384,47.5357
132304,1002,4,0.600891,29.4121,1.00005,48.9502,48.9475
132665,1002,4,0.706335,32.6107,1.00006,46.1717,46.1688
133979,1002,3,0.83918,34.1286,1.00008,40.6722,40.669
134913,1002,4,0.828395,40.7926,1.00005,49.2455,49.2429
135109,1002,5,0.86096,40.626,1.00006,47.1896,47.1868
135843,1002,4,0.828733,36.7868,1.00007,44.3921,44.3892
135910,1002,4,0.868616,35.1012,1.00008,40.4138,40.4106
136473,1002,5,0.640013,27.4209,1.00007,42.8473,42.8443
137448,1002,3,0.558388,23.9315,1.00007,42.8613,42.8583
137481,1002,4,0.840457,38.9346,1.00006,46.3283,46.3255
137748,1002,4,0.792385,38.1819,1.00006,48.1888,48.1861
138710,1002,4,0.819304,35.3977,1.00007,43.2076,43.2046
138793,1002,4,0.697364,31.0442,1.00007,44.5194,44.5165
141003,1002,3,0.800085,37.8819,1.00006,47.3501,47.3473
141403,1002,3,0.845177,35.5332,1.00007,42.0454,42.0423
141921,1002,3,0.843761,39.7833,1.00006,47.1528,47.15
142930,1002,4,0.789622,32.3299,1.00008,40.9467,40.9435
144032,1002,4,0.813676,39.0838,1.00006,48.0363,48.0336
145818,1002,3,0.482692,23.2603,1.00006,48.1914,48.1887
147179,1002,4,0.860794,38.3652,1.00007,44.5725,44.5696
147204,1002,6,0.915375,39.2196,1.00007,42.8484,42.8454
147426,1002,5,0.871593,44.1703,1.00005,50.6803,50.6777
150592,1002,7,0.872508,40.6059,1.00006,46.5422,46.5394
150920,1002,4,0.841842,39.0043,1.00006,46.335,46.3321
151169,1002,4,0.847069,38.877,1.00006,45.8987,45.8958
152513,1002,7,0.761881,33.3908,1.00007,43.8298,43.8269
153162,1002,5,0.896945,42.8957,1.00006,47.8269,47.8242
153493,1002,5,0.841941,36.9634,1.00007,43.9055,43.9025
156853,1002,2,0.580788,30.0566,1.00005,51.7539,51.7514
157422,1002,2,0.678501,28.3208,1.00007,41.7435,41.7403
157985,1002,3,0.79848,36.1749,1.00006,45.3076,45.3047
158135,1002,3,0.795891,37.6647,1.00006,47.3266,47.3239
159436,1002,3,0.650427,26.8929,1.00008,41.3498,41.3466
160651,1002,4,0.775432,34.0778,1.00007,43.9499,43.9469
160705,1002,4,0.807894,31.9769,1.00008,39.5839,39.5806
162448,1002,5,0.913995,38.4699,1.00007,42.0929,42.0898
164025,1002,5,0.767114,35.6018,1.00006,46.4129,46.4101
164471,1002,5,0.912366,40.2353,1.00007,44.1029,44.0999
164563,1002,4,0.730177,31.6533,1.00007,43.3531,43.3501
165226,1002,4,0.668185,30.6871,1.00006,45.9288,45.926
165368,1002,5,0.765473,35.6023,1.00006,46.513,46.5102
166233,1002,9,0.889882,40.2354,1.00006,45.2172,45.2144
166980,1002,3,0.894506,36.9554,1.00008,41.3169,41.3137
167501,1002,6,0.886489,43.7741,1.00005,49.3819,49.3792
167562,1002,3,0.850642,40.703,1.00006,47.8525,47.8498
167695,1002,3,0.855675,40.9651,1.00006,47.8773,47.8745
167829,1002,1,0.666304,28.2126,1.00007,42.345,42.3419
168686,1002,5,0.872676,40.9055,1.00006,46.8764,46.8736
169047,1002,4,0.718759,32.9207,1.00006,45.805,45.8022
170020,1002,5,0.659531,29.6338,1.00006,44.9346,44.9317
171482,1002,6,0.886592,44.3083,1.00005,49.9786,49.976
171711,1002,5,0.863774,41.8348,1.00006,48.4353,48.4326
173529,1002,3,0.81204,36.3801,1.00007,44.8038,44.8008
174117,1002,4,0.766364,34.0764,1.00007,44.468,44.4651
174140,1002,2,0.848193,40.2353,1.00006,47.4392,47.4364
174340,1002,3,0.731796,32.0733,1.00007,43.8311,43.8282
174377,1002,4,0.823253,37.0683,1.00006,45.0296,45.0267
175630,1002,6,0.759836,36.8743,1.00006,48.532,48.5293
176131,1002,4,0.650382,29.2795,1.00006,45.0218,45.0189
176541,1002,4,0.601355,25.9674,1.00007,43.1846,43.1815
178206,1002,3,0.875842,37.994,1.00007,43.383,43.38
178747,1002,5,0.705419,30.7536,1.00007,43.5992,43.5962
179025,1002,4,0.892792,43.5041,1.00005,48.7308,48.7281
179863,1002,5,0.911448,43.0255,1.00006,47.2084,47.2056
181384,1002,6,0.894454,42.918,1.00006,47.985,47.9823
183902,1002,3,0.886277,40.7351,1.00006,45.9649,45.9621
184787,1002,4,0.820701,39.9942,1.00005,48.7344,48.7318
184960,1002,6,0.769611,32.8271,1.00007,42.6572,42.6541
185599,1002,2,0.670681,32.5467,1.00006,48.5305,48.5278
185677,1002,2,0.426362,21.0511,1.00005,49.3765,49.3738
186314,1002,3,0.761826,36.2207,1.00006,47.5473,47.5445
188871,1002,5,0.862536,42.3171,1.00005,49.0639,49.0613
190843,1002,4,0.66902,29.867,1.00007,44.6459,44.6429
192564,1002,5,0.887157,41.8095,1.00006,47.1303,47.1275
193156,1002,5,0.585684,27.7529,1.00006,47.3881,47.3854
193158,1002,6,0.776689,35.3174,1.00006,45.4746,45.4718
194613,1002,3,0.833834,33.6625,1.00008,40.3739,40.3707
194627,1002,3,0.675302,31.9234,1.00006,47.2755,47.2727
194975,1002,2,0.800151,35.137,1.00007,43.9159,43.9129
195194,1002,5,0.875339,37.7373,1.00007,43.1146,43.1116
195435,1002,2,0.897893,38.4294,1.00007,42.8026,42.7995
197618,1002,4,0.758891,31.1491,1.00008,41.0487,41.0455
198493,1002,3,0.374559,16.538,1.00007,44.1562,44.1533
126,1002,3,0.78401,37.5476,1.00006,47.8945,47.8918
1868,1002,3,0.815748,38.5866,1.00006,47.3049,47.3021
2210,1002,3,0.902653,40.5571,1.00006,44.9339,44.931
2924,1002,1,0.345999,14.3985,1.00008,41.6174,41.6143
3196,1002,2,0.929077,40.4291,1.00007,43.5184,43.5154
3314,1002,2,0.716838,29.5394,1.00008,41.211,41.2079
4809,1002,4,0.879351,43.4581,1.00005,49.4232,49.4206
4854,1002,3,0.928319,40.8188,1.00007,43.9737,43.9707
4906,1002,2,0.834885,41.2622,1.00005,49.4252,49.4226
5248,1002,2,0.508756,20.9581,1.00008,41.1979,41.1948
5426,1002,3,0.601418,26.9351,1.00007,44.7889,44.786
6189,1002,6,0.678228,29.7263,1.00007,43.8323,43.8294
8366,1002,4,0.738931,31.6384,1.00007,42.8194,42.8164
8575,1002,5,0.798913,36.0613,1.00006,45.1408,45.138
9346,1002,9,0.880713,44.7354,1.00005,50.7971,50.7946
9557,1002,4,0.664306,30.4638,1.00006,45.861,45.8581
10876,1002,3,0.696841,27.7754,1.00008,39.8623,39.859
12605,1002,4,0.773039,38.9552,1.00005,50.3949,50.3923
13876,1002,3,0.799741,40.6324,1.00005,50.8095,50.807
14846,1002,2,0.522618,23.8111,1.00006,45.5641,45.5612
15101,1002,3,0.674665,31.1815,1.00006,46.2205,46.2177
15491,1002,1,0.457768,20.7317,1.00006,45.2915,45.2886
16529,1002,6,0.766459,38.608,1.00005,50.3745,50.3719
16657,1002,4,0.932039,43.0686,1.00006,46.2118,46.2089
19719,1002,5,0.850923,39.5025,1.00006,46.426,46.4232
20261,1002,2,0.565099,24.1506,1.00007,42.7399,42.7368
21149,1002,5,0.553028,27.3316,1.00005,49.4243,49.4217
21524,1002,4,0.771225,31.2678,1.00008,40.5462,40.543
24068,1002,5,0.891319,40.5311,1.00006,45.476,45.4732
24302,1002,2,0.73412,35.9795,1.00005,49.013,49.0103
25375,1002,8,0.795426,38.7024,1.00006,48.6588,48.6561
25725,1002,1,0.820022,37.4612,1.00006,45.6861,45.6832
26166,1002,4,0.890482,42.8148,1.00006,48.0833,48.0805
26495,1002,5,0.748989,33.9102,1.00006,45.2775,45.2746
27223,1002,4,0.858432,37.2107,1.00007,43.3503,43.3473
27254,1002,3,0.891808,38.9366,1.00007,43.6633,43.6603
28372,1002,4,0.843097,36.1278,1.00007,42.8544,42.8513
29421,1002,5,0.88195,37.8016,1.00007,42.8644,42.8614
29485,1002,4,0.844312,36.3296,1.00007,43.0317,43.0287
32783,1002,2,0.922917,40.251,1.00007,43.6158,43.6128
33617,1002,4,0.700606,34.0421,1.00006,48.5922,48.5895
34102,1002,3,0.840737,39.3444,1.00006,46.8003,46.7975
34476,1002,3,0.879874,36.2703,1.00008,41.2253,41.2222
34507,1002,4,0.908615,41.3735,1.00006,45.5376,45.5347
35138,1002,4,0.795924,36.0012,1.00006,45.2349,45.232
35781,1002,4,0.846902,35.1962,1.00008,41.5618,41.5587
35906,1002,6,0.853554,34.8628,1.00008,40.8475,40.8443
36343,1002,2,0.671508,30.3177,1.00006,45.1515,45.1486
37412,1002,2,0.552067,23.9712,1.00007,43.4238,43.4208
37414,1002,4,0.929652,44.5342,1.00006,47.9069,47.9041
38710,1002,2,0.810712,38.759,1.00006,47.8113,47.8085
38873,1002,4,0.791201,35.9639,1.00006,45.4577,45.4548
39736,1002,4,0.611617,26.1148,1.00007,42.701,42.6979
39841,1002,3,0.785984,35.1287,1.00007,44.6969,44.694
39889,1002,5,0.868151,38.8177,1.00007,44.716,44.7131
40328,1002,3,0.85888,36.2029,1.00007,42.1544,42.1513
41692,1002,4,0.884034,40.6894,1.00006,46.0299,46.027
42637,1002,4,0.803895,35.0456,1.00007,43.5977,43.5947
43440,1002,5,0.89641,36.263,1.00008,40.4569,40.4537
43799,1002,4,0.570593,22.7223,1.00008,39.8256,39.8223
45560,1002,2,0.384807,19.0648,1.00005,49.5464,49.5438
45819,1002,1,0.216358,10.3802,1.00006,47.9795,47.9768
47206,1002,7,0.885656,45.5433,1.00005,51.4258,51.4232
48537,1002,4,0.801395,34.4674,1.00007,43.0123,43.0092
48551,1002,4,0.767348,35.2153,1.00006,45.895,45.8922
49249,1002,1,0.463674,21.6225,1.00006,46.6357,46.6329
49917,1002,3,0.754244,32.8924,1.00007,43.6128,43.6098
50254,1002,4,0.824233,36.5759,1.00007,44.3786,44.3757
51189,1002,2,0.505312,24.2411,1.00006,47.9753,47.9725
52081,1002,2,0.563605,22.6105,1.00008,40.1209,40.1177
52205,1002,3,0.837103,36.0931,1.00007,43.1197,43.1166
52566,1002,3,0.77113,33.4846,1.00007,43.4258,43.4228
52592,1002,4,0.837842,36.4334,1.00007,43.4878,43.4848
53182,1002,4,0.666283,31.1452,1.00006,46.7474,46.7446
53970,1002,5,0.850968,41.4622,1.00005,48.7263,48.7236
54119,1002,5,0.706764,33.6508,1.00006,47.6152,47.6125
54274,1002,5,0.741504,33.2539,1.00006,44.8495,44.8466
54999,1002,3,0.850544,35.2294,1.00008,41.423,41.4198
56311,1002,6,0.836441,39.3562,1.00006,47.0548,47.052
56716,1002,5,0.87505,43.2224,1.00005,49.3968,49.3942
57221,1002,3,0.70503,33.3925,1.00006,47.366,47.3633
57718,1002,3,0.765484,34.3597,1.00006,44.8892,44.8862
58744,1002,5,0.659104,27.0479,1.00008,41.0405,41.0373
59183,1002,1,0.311212,15.6907,1.00005,50.4207,50.4181
59507,1002,5,0.785021,37.8091,1.00006,48.1659,48.1632
60513,1002,5,0.865895,41.4302,1.00006,47.8494,47.8467
62468,1002,5,0.702649,32.4187,1.00006,46.1407,46.1379
65844,1002,3,0.792393,32.2767,1.00008,40.7364,40.7332
67081,1002,3,0.643641,31.2249,1.00006,48.5157,48.513
67268,1002,3,0.847123,36.3972,1.00007,42.9687,42.9657
69455,1002,2,0.700719,34.9089,1.00005,49.8214,49.8188
70254,1002,5,0.825395,35.9063,1.00007,43.505,43.502
71416,1002,1,0.296426,13.7711,1.00006,46.4599,46.4571
71621,1002,9,0.857837,41.8042,1.00005,48.7348,48.7321
72231,1002,2,0.747601,35.5271,1.00006,47.5242,47.5215
72764,1002,2,0.668924,30.6329,1.00006,45.7971,45.7943
72873,1002,3,0.724496,35.8894,1.00005,49.5396,49.537
73518,1002,2,0.396044,17.422,1.00007,43.9931,43.9901
74902,1002,5,0.828477,36.2342,1.00007,43.7389,43.7359
75454,1002,4,0.789206,33.8864,1.00007,42.9404,42.9374
75455,1002,4,0.626502,28.7959,1.00006,45.9659,45.963
76777,1002,4,0.836325,34.4215,1.00008,41.1613,41.1581
77771,1002,3,0.770199,31.4168,1.00008,40.7937,40.7905
77948,1002,6,0.886321,37.9617,1.00007,42.8337,42.8306
78024,1002,5,0.806203,33.5815,1.00008,41.6571,41.6539
79082,1002,5,0.74168,33.3786,1.00006,45.0069,45.004
80212,1002,5,0.821465,38.2841,1.00006,46.6074,46.6046
80550,1002,5,0.827285,37.8304,1.00006,45.7313,45.7284
81270,1002,3,0.857855,39.7847,1.00006,46.3797,46.3769
81304,1002,6,0.838203,39.4761,1.00006,47.0989,47.0961
82114,1002,4,0.860523,41.0867,1.00006,47.749,47.7463
82393,1002,1,0.48615,22.1421,1.00006,45.5487,45.5459
86383,1002,4,0.892939,44.3198,1.00005,49.6363,49.6336
86433,1002,4,0.87416,36.5377,1.00007,41.8006,41.7974
87367,1002,1,0.354425,15.5069,1.00007,43.7553,43.7523
87597,1002,4,0.845533,40.3138,1.00006,47.6813,47.6786
87993,1002,3,0.559179,26.4293,1.00006,47.2673,47.2645
89407,1002,8,0.981721,46.7206,1.00006,47.5933,47.5905
90099,1002,4,0.674598,30.7602,1.00006,45.6007,45.5978
90464,1002,2,0.816787,38.4091,1.00006,47.0273,47.0246
91468,1002,3,0.749566,37.2442,1.00005,49.6903,49.6876
91902,1002,4,0.484624,22.2093,1.00006,45.8308,45.8279
93402,1002,4,0.865001,34.6827,1.00008,40.0988,40.0955
93967,1002,6,0.869925,37.9838,1.00007,43.6663,43.6633
94088,1002,4,0.780357,37.4944,1.00006,48.0505,48.0478
95214,1002,3,0.733533,30.1678,1.00008,41.1299,41.1267
97085,1002,8,0.793079,33.8122,1.00007,42.6372,42.6341
97297,1002,6,0.883188,37.7871,1.00007,42.788,42.7849
97544,1002,4,0.849434,37.3598,1.00007,43.9849,43.982
97598,1002,7,0.895989,40.0102,1.00007,44.6577,44.6548
98281,1002,2,0.528467,24.2077,1.00006,45.8102,45.8074
99133,1002,3,0.861877,34.8816,1.00008,40.4748,40.4716
99211,1002,6,0.758923,36.4761,1.00006,48.0657,48.063
99685,1002,4,0.929311,40.3636,1.00007,43.4369,43.4339
100494,1002,2,0.684789,28.2187,1.00008,41.211,41.2079
102573,1002,5,0.781402,33.4177,1.00007,42.7695,42.7664
103076,1002,5,0.914088,40.119,1.00007,43.8926,43.8897
104159,1002,3,0.637785,31.1407,1.00005,48.829,48.8263
104168,1002,2,0.819598,38.1117,1.00006,46.5033,46.5005
104882,1002,4,0.765057,31.5304,1.00008,41.2163,41.2132
104984,1002,4,0.761975,35.5458,1.00006,46.6524,46.6496
106090,1002,3,0.737248,36.8134,1.00005,49.9361,49.9335
107046,1002,5,0.710242,31.4682,1.00007,44.3092,44.3063
107719,1002,7,0.839591,42.8615,1.00005,51.053,51.0505
107785,1002,2,0.502357,23.5505,1.00006,46.8827,46.88
108834,1002,5,0.759612,36.1196,1.00006,47.5529,47.5501
109048,1002,5,0.733979,32.2681,1.00007,43.9662,43.9633
109272,1002,2,0.569387,25.4591,1.00007,44.7162,44.7132
109513,1002,5,0.805349,33.824,1.00007,42.0023,41.9992
110647,1002,4,0.702491,32.218,1.00006,45.8654,45.8626
110692,1002,4,0.656301,26.4071,1.00008,40.2396,40.2364
111315,1002,3,0.758764,31.5331,1.00008,41.5617,41.5585
111582,1002,3,0.632828,26.5494,1.00007,41.9567,41.9536
112004,1002,6,0.853444,43.8779,1.00005,51.4153,51.4128
112539,1002,6,0.696823,33.351,1.00006,47.8642,47.8615
113521,1002,3,0.80598,38.802,1.00006,48.1454,48.1427
113678,1002,2,0.516598,22.9654,1.00007,44.4581,44.4551
114201,1002,2,0.789511,34.1101,1.00007,43.2072,43.2042
114980,1002,3,0.56915,23.7381,1.00007,41.711,41.7079
116129,1002,3,0.807357,37.9749,1.00006,47.0389,47.0361
116209,1002,4,0.687581,35.0551,1.00005,50.9857,50.9832
117862,1002,3,0.711687,34.8648,1.00005,48.9917,48.989
119307,1002,3,0.724313,32.2688,1.00007,44.5539,44.551
121543,1002,8,0.901031,45.5391,1.00005,50.5437,50.5411
122335,1002,4,0.899572,40.3635,1.00006,44.8726,44.8697
122671,1002,6,0.866125,42.5988,1.00005,49.1859,49.1832
122770,1002,3,0.831041,37.0437,1.00007,44.578,44.575
124070,1002,4,0.830677,36.3022,1.00007,43.705,43.702
124671,1002,4,0.777102,32.7268,1.00007,42.1169,42.1138
124744,1002,3,0.522823,22.9323,1.00007,43.8655,43.8625
127229,1002,4,0.792419,34.8266,1.00007,43.9527,43.9497
127669,1002,3,0.746557,34.0259,1.00006,45.58,45.5771
127787,1002,4,0.566381,26.1344,1.00006,46.1457,46.1428
128877,1002,4,0.891611,36.8951,1.00008,41.3834,41.3803
129106,1002,6,0.865506,41.6263,1.00006,48.0974,48.0947
130842,1002,6,0.883698,37.5789,1.00007,42.5276,42.5245
131085,1002,5,0.897625,38.2818,1.00007,42.651,42.6479
132334,1002,2,0.704808,34.2214,1.00006,48.5568,48.5541
132846,1002,4,0.822832,35.0437,1.00007,42.5922,42.5892
133033,1002,3,0.425482,19.6286,1.00006,46.1355,46.1327
133139,1002,3,0.753954,36.9793,1.00005,49.0498,49.0471
133669,1002,6,0.71821,32.1466,1.00007,44.7623,44.7594
134609,1002,5,0.825451,36.1446,1.00007,43.7907,43.7877
134731,1002,3,0.936516,44.0048,1.00006,46.9905,46.9877
135258,1002,1,0.431133,18.4968,1.00007,42.9059,42.9028
135886,1002,4,0.465261,21.0389,1.00006,45.2225,45.2196
137425,1002,3,0.920287,38.6197,1.00007,41.968,41.9648
139243,1002,2,0.864284,37.9153,1.00007,43.872,43.8691
139961,1002,2,0.896138,39.928,1.00007,44.5586,44.5557
140267,1002,6,0.865469,37.4277,1.00007,43.2486,43.2455
140656,1002,5,0.860159,36.6201,1.00007,42.5767,42.5737
141012,1002,4,0.773435,33.6384,1.00007,43.4953,43.4923
142066,1002,4,0.813836,34.1737,1.00007,41.9941,41.991
142460,1002,3,0.808806,42.197,1.00005,52.1744,52.1719
143177,1002,4,0.651154,32.0747,1.00005,49.2609,49.2583
144208,1002,2,0.813885,36.7646,1.00006,45.1746,45.1717
144559,1002,6,0.818146,38.5811,1.00006,47.1596,47.1568
145500,1002,6,0.903566,43.1236,1.00006,47.7287,47.726
146238,1002,4,0.867491,37.6793,1.00007,43.4378,43.4348
146339,1002,4,0.859925,37.4867,1.00007,43.596,43.593
149733,1002,3,0.872087,35.6965,1.00008,40.9354,40.9322
149864,1002,2,0.419826,19.5455,1.00006,46.5589,46.5561
151652,1002,4,0.867226,43.1607,1.00005,49.7713,49.7687
154154,1002,1,0.621377,25.9393,1.00007,41.748,41.7449
155166,1002,4,0.745042,31.9213,1.00007,42.8481,42.845
157354,1002,6,0.833164,39.1232,1.00006,46.9602,46.9574
158145,1002,5,0.686785,29.6244,1.00007,43.1379,43.1348
160451,1002,6,0.937686,38.6943,1.00008,41.269,41.2658
161163,1002,2,0.799365,36.4245,1.00006,45.5697,45.5669
162302,1002,4,0.793173,33.3051,1.00007,41.9929,41.9898
163766,1002,2,0.407148,19.2987,1.00006,47.4023,47.3996
164564,1002,1,0.393648,17.2013,1.00007,43.7003,43.6973
165071,1002,4,0.847355,35.512,1.00007,41.9123,41.9092
165110,1002,2,0.844777,39.2911,1.00006,46.5134,46.5106
165607,1002,8,0.867874,43.656,1.00005,50.3048,50.3022
166283,1002,2,0.550512,23.9617,1.00007,43.5292,43.5262
166371,1002,4,0.7389,37.1266,1.00005,50.2483,50.2457
167675,1002,2,0.476872,21.9041,1.00006,45.9358,45.933
167820,1002,5,0.867844,35.8811,1.00008,41.3483,41.3451
171475,1002,5,0.805612,38.5877,1.00006,47.9013,47.8986
171870,1002,4,0.851395,42.464,1.00005,49.8784,49.8758
172745,1002,5,0.708246,32.3675,1.00006,45.7037,45.7009
174481,1002,3,0.881246,34.9384,1.00008,39.6499,39.6466
174665,1002,2,0.362277,17.0922,1.00006,47.1828,47.18
175849,1002,4,0.872986,41.5683,1.00006,47.6189,47.6162
175927,1002,3,0.789916,38.9752,1.00005,49.3437,49.341
176378,1002,4,0.735506,34.3662,1.00006,46.7274,46.7246
176426,1002,4,0.846514,37.6519,1.00007,44.4817,44.4788
177646,1002,3,0.786279,38.5884,1.00005,49.0799,49.0773
179085,1002,4,0.899258,45.6314,1.00005,50.746,50.7434
179102,1002,6,0.827205,38.8945,1.00006,47.0219,47.0192
179181,1002,4,0.83811,35.2785,1.00007,42.096,42.0929
180023,1002,7,0.751864,36.9104,1.00005,49.0945,49.0918
180373,1002,7,0.779451,36.68,1.00006,47.0616,47.0588
182296,1002,4,0.860685,38.8027,1.00006,45.0864,45.0835
182751,1002,3,0.896045,45.1197,1.00005,50.3569,50.3543
183475,1002,4,0.91944,37.2906,1.00008,40.5612,40.5579
183846,1002,3,0.913901,37.6684,1.00008,41.2203,41.2171
184312,1002,3,0.834298,34.7974,1.00008,41.7118,41.7086
185008,1002,6,0.83533,36.1042,1.00007,43.2245,43.2215
185070,1002,6,0.869244,39.833,1.00006,45.8278,45.8249
186342,1002,5,0.861614,44.7835,1.00005,51.9788,51.9763
187148,1002,5,0.842271,43.1922,1.00005,51.2832,51.2807
188014,1002,7,0.831232,42.1684,1.00005,50.7325,50.73
188451,1002,6,0.840116,35.1143,1.00007,41.8001,41.797
189393,1002,3,0.791696,32.172,1.00008,40.64,40.6368
190064,1002,4,0.759383,32.099,1.00007,42.2729,42.2698
190926,1002,4,0.75007,32.1436,1.00007,42.8572,42.8541
193581,1002,4,0.775476,34.2851,1.00007,44.2146,44.2117
193782,1002,5,0.845811,42.2191,1.00005,49.9181,49.9155
194091,1002,6,0.740791,36.2234,1.00005,48.901,48.8983
194134,1002,3,0.844361,40.7245,1.00006,48.2338,48.2311
194545,1002,4,0.830509,41.4104,1.00005,49.8641,49.8615
194997,1002,3,0.915576,39.6942,1.00007,43.3574,43.3543
195123,1002,2,0.533938,23.9147,1.00007,44.7923,44.7893
196229,1002,4,0.734793,32.8338,1.00007,44.6873,44.6844
196411,1002,3,0.84994,35.0852,1.00008,41.2828,41.2796
197294,1002,3,0.769436,33.2763,1.00007,43.2507,43.2476
197956,1002,4,0.82154,41.5183,1.00005,50.5397,50.5371
690,1002,5,0.832346,35.3791,1.00007,42.5084,42.5053
1121,1002,4,0.783166,34.131,1.00007,43.5838,43.5808
1600,1002,3,0.704583,31.7144,1.00006,45.0144,45.0115
2152,1002,6,0.951176,45.7785,1.00006,48.1311,48.1284
2389,1002,5,0.837364,35.3658,1.00007,42.2378,42.2347
3633,1002,4,0.52681,25.1414,1.00006,47.7266,47.7239
4351,1002,3,0.827792,40.618,1.00005,49.0705,49.0678
4917,1002,3,0.801981,34.9261,1.00007,43.5527,43.5497
8060,1002,5,0.847538,40.4121,1.00006,47.6845,47.6818
9221,1002,4,0.883021,37.767,1.00007,42.7733,42.7703
9863,1002,4,0.65191,33.6692,1.00005,51.6495,51.647
10580,1002,3,0.576612,27.1264,1.00006,47.0472,47.0445
11067,1002,3,0.78146,34.4497,1.00007,44.0867,44.0837
11807,1002,3,0.801381,35.3728,1.00007,44.1427,44.1398
13500,1002,5,0.801688,32.1642,1.00008,40.1238,40.1206
14324,1002,5,0.650764,28.4524,1.00007,43.7245,43.7215
15518,1002,5,0.928387,43.0157,1.00006,46.3366,46.3338
16204,1002,4,0.681989,30.851,1.00006,45.2397,45.2368
16245,1002,4,0.885351,47.2972,1.00005,53.4244,53.422
16279,1002,6,0.87483,41.9462,1.00006,47.9505,47.9478
16408,1002,3,0.767464,34.1073,1.00007,44.4445,44.4415
17708,1002,3,0.853866,38.1663,1.00007,44.7012,44.6983
18317,1002,4,0.878998,39.9899,1.00006,45.4977,45.4948
18912,1002,5,0.783526,37.5058,1.00006,47.8707,47.868
20130,1002,4,0.837327,41.9772,1.00005,50.135,50.1324
20268,1002,5,0.79954,35.5861,1.00007,44.5111,44.5082
20534,1002,2,0.814013,33.6386,1.00008,41.3276,41.3244
21732,1002,2,0.419756,19.3559,1.00006,46.1151,46.1123
21803,1002,3,0.691708,29.0835,1.00007,42.0491,42.046
22057,1002,3,0.724586,34.8684,1.00006,48.1245,48.1217
22440,1002,4,0.847758,40.1073,1.00006,47.3125,47.3098
22555,1002,4,0.919632,42.0169,1.00006,45.6917,45.6888
22689,1002,5,0.878739,39.7342,1.00006,45.2201,45.2172
23010,1002,1,0.619189,27.9051,1.00006,45.07,45.0671
23965,1002,3,0.827206,37.0178,1.00007,44.7533,44.7504
25195,1002,3,0.839444,39.1224,1.00006,46.608,46.6052
26383,1002,5,0.746447,38.7581,1.00005,51.926,51.9235
27167,1002,5,0.894687,41.7584,1.00006,46.6765,46.6737
28940,1002,4,0.870883,36.9222,1.00007,42.3994,42.3963
29295,1002,6,0.858512,36.0736,1.00007,42.0219,42.0188
29344,1002,4,0.878661,40.389,1.00006,45.9694,45.9665
29676,1002,2,0.67055,29.3363,1.00007,43.7525,43.7496
31264,1002,4,0.802454,34.3925,1.00007,42.8622,42.8591
33941,1002,5,0.839542,42.9664,1.00005,51.1809,51.1783
34033,1002,4,0.736317,35.9246,1.00005,48.7923,48.7896
34061,1002,3,0.880419,41.2933,1.00006,46.9046,46.9018
34908,1002,3,0.926419,41.4868,1.00007,44.7848,44.7819
35706,1002,4,0.892864,43.8267,1.00005,49.0882,49.0855
36116,1002,4,0.804563,37.4832,1.00006,46.5911,46.5883
36146,1002,3,0.783025,41.5985,1.00005,53.1278,53.1254
36571,1002,4,0.938985,42.0836,1.00006,44.8211,44.8182
36896,1002,6,0.864805,37.2856,1.00007,43.1175,43.1145
37008,1002,4,0.813676,35.9726,1.00007,44.213,44.2101
37853,1002,6,0.854705,34.7408,1.00008,40.6497,40.6465
37909,1002,4,0.851767,36.0456,1.00007,42.3217,42.3186
39993,1002,4,0.787065,37.6306,1.00006,47.814,47.8113
41111,1002,4,0.842088,37.1708,1.00007,44.1442,44.1412
41411,1002,4,0.769902,32.7315,1.00007,42.517,42.5139
42877,1002,2,0.805917,39.1048,1.00006,48.5248,48.5221
43161,1002,5,0.881878,39.0392,1.00007,44.2712,44.2682
43247,1002,3,0.631262,26.1772,1.00008,41.4712,41.4681
43725,1002,3,0.860308,40.8412,1.00006,47.4755,47.4727
43991,1002,5,0.901931,42.558,1.00006,47.1881,47.1854
45332,1002,4,0.846723,40.631,1.00006,47.9889,47.9861
45353,1002,4,0.742597,38.7224,1.00005,52.147,52.1445
46186,1002,4,0.887037,41.0036,1.00006,46.2282,46.2254
47457,1002,4,0.941326,42.1042,1.00007,44.7316,44.7287
47687,1002,1,0.562337,28.0317,1.00005,49.8512,49.8486
48007,1002,2,0.759527,32.7874,1.00007,43.1712,43.1682
48272,1002,2,0.88488,42.1985,1.00006,47.6912,47.6884
49110,1002,4,0.811694,39.1851,1.00006,48.2784,48.2757
50163,1002,5,0.802659,37.1474,1.00006,46.2832,46.2804
52108,1002,4,0.688671,29.8062,1.00007,43.2838,43.2808
52432,1002,4,0.725482,35.0376,1.00006,48.2983,48.2956
53344,1002,4,0.791675,38.634,1.00005,48.803,48.8003
54354,1002,3,0.895816,42.0292,1.00006,46.92,46.9172
55967,1002,3,0.709423,33.795,1.00006,47.6401,47.6373
56098,1002,5,0.84774,40.1725,1.00006,47.3905,47.3877
56876,1002,2,0.833868,39.9933,1.00006,47.964,47.9613
57374,1002,4,0.852875,39.5699,1.00006,46.3987,46.3959
57732,1002,4,0.886682,35.7323,1.00008,40.3022,40.299
58488,1002,6,0.932945,43.2379,1.00006,46.3485,46.3456
58774,1002,5,0.790579,39.1261,1.00005,49.493,49.4904
59406,1002,2,0.742044,35.2497,1.00006,47.5062,47.5035
60449,1002,5,0.783898,36.9229,1.00006,47.1044,47.1016
62509,1002,4,0.826074,33.1385,1.00008,40.1189,40.1157
62850,1002,4,0.836556,37.389,1.00007,44.6969,44.694
63268,1002,4,0.830605,42.0834,1.00005,50.6686,50.666
65160,1002,5,0.894001,41.5406,1.00006,46.4688,46.466
66719,1002,5,0.721723,29.7114,1.00008,41.1704,41.1673
66768,1002,3,0.718703,29.9437,1.00008,41.6667,41.6636
67078,1002,3,0.680994,32.8853,1.00006,48.2928,48.2901
67480,1002,3,0.854288,34.6249,1.00008,40.5339,40.5307
68274,1002,1,0.382925,17.9033,1.00006,46.7569,46.7541
70036,1002,7,0.891984,42.0829,1.00006,47.1818,47.179
70229,1002,1,0.790903,36.1344,1.00006,45.6903,45.6875
70501,1002,3,0.651134,29.2203,1.00006,44.8789,44.876
71858,1002,2,0.302824,14.1382,1.00006,46.6905,46.6877
71961,1002,5,0.953208,43.3198,1.00006,45.4491,45.4463
72395,1002,3,0.90666,40.25,1.00007,44.3967,44.3938
72842,1002,6,0.731978,35.1971,1.00006,48.0876,48.0849
73304,1002,3,0.849398,37.0196,1.00007,43.5863,43.5833
73787,1002,8,0.882204,40.6812,1.00006,46.1159,46.1131
75159,1002,3,0.737198,36.0236,1.00005,48.8683,48.8656
75529,1002,4,0.884027,38.0903,1.00007,43.0903,43.0873
79103,1002,5,0.691369,33.1623,1.00006,47.9689,47.9662
80373,1002,6,0.664821,32.9319,1.00005,49.5376,49.5349
80901,1002,5,0.899867,37.3312,1.00008,41.4884,41.4852
80937,1002,4,0.72459,31.3227,1.00007,43.2313,43.2282
81511,1002,5,0.81627,40.3883,1.00005,49.4817,49.4791
82916,1002,5,0.848795,37.4169,1.00007,44.0853,44.0824
82984,1002,5,0.858362,44.0674,1.00005,51.3414,51.3389
83807,1002,3,0.75888,34.6851,1.00006,45.7085,45.7057
84089,1002,3,0.90927,36.3881,1.00008,40.0222,40.019
84456,1002,4,0.701027,32.6206,1.00006,46.5354,46.5326
84806,1002,1,0.607066,29.0115,1.00006,47.7925,47.7898
86222,1002,3,0.850867,39.0184,1.00006,45.8601,45.8572
86772,1002,6,0.846317,39.7062,1.00006,46.9192,46.9164
89244,1002,3,0.537963,26.0966,1.00006,48.5127,48.51
90411,1002,5,0.927879,40.9167,1.00007,44.1,44.097
90728,1002,4,0.728091,32.9125,1.00006,45.2067,45.2038
92219,1002,2,0.458367,20.7224,1.00006,45.2121,45.2092
92415,1002,3,0.655976,32.0438,1.00005,48.8518,48.8491
92696,1002,5,0.817289,35.9101,1.00007,43.941,43.938
92783,1002,5,0.750639,33.5373,1.00007,44.6812,44.6783
93309,1002,2,0.738337,30.4833,1.00008,41.2896,41.2864
93765,1002,5,0.840559,34.7119,1.00008,41.2993,41.2962
93863,1002,3,0.544345,24.895,1.00006,45.7367,45.7339
94374,1002,3,0.914747,42.4449,1.00006,46.4035,46.4007
94726,1002,2,0.550026,26.5224,1.00006,48.223,48.2203
95269,1002,5,0.871298,35.863,1.00008,41.1636,41.1604
95966,1002,5,0.789226,36.8599,1.00006,46.7066,46.7038
97518,1002,5,0.869308,42.0787,1.00006,48.4075,48.4048
100802,1002,7,0.907936,43.2627,1.00006,47.6523,47.6496
100960,1002,5,0.935194,40.0792,1.00007,42.8596,42.8566
101825,1002,5,0.867986,42.1379,1.00006,48.5494,48.5467
102431,1002,4,0.869136,41.2266,1.00006,47.4368,47.434
102455,1002,5,0.726543,31.687,1.00007,43.6164,43.6134
102590,1002,6,0.83389,41.7879,1.00005,50.1147,50.1121
102640,1002,1,0.240792,11.4103,1.00006,47.3893,47.3866
103279,1002,3,0.552273,27.6809,1.00005,50.1244,50.1218
104050,1002,3,0.724832,30.6503,1.00007,42.2892,42.2861
106139,1002,3,0.850647,37.5669,1.00007,44.1657,44.1627
106561,1002,3,0.681984,29.5057,1.00007,43.2675,43.2645
107616,1002,2,0.797732,37.324,1.00006,46.7905,46.7877
107937,1002,5,0.911089,42.8028,1.00006,46.9826,46.9799
108345,1002,3,0.832708,37.4182,1.00006,44.9385,44.9356
108842,1002,3,0.769154,35.2812,1.00006,45.8729,45.8701
110169,1002,4,0.694772,31.5783,1.00006,45.4542,45.4513
111016,1002,3,0.759518,32.4459,1.00007,42.7222,42.7191
112250,1002,5,0.685645,31.9844,1.00006,46.6515,46.6487
113827,1002,4,0.850664,39.4082,1.00006,46.3292,46.3264
114702,1002,6,0.782207,34.2645,1.00007,43.8078,43.8048
114818,1002,9,0.889999,36.8416,1.00008,41.3982,41.3951
115546,1002,6,0.895689,46.6014,1.00005,52.031,52.0285
115579,1002,4,0.702973,34.4579,1.00005,49.0201,49.0174
117061,1002,3,0.657432,27.6062,1.00007,41.9941,41.991
119053,1002,3,0.626806,28.7017,1.00006,45.7932,45.7904
121596,1002,2,0.820717,35.4523,1.00007,43.1997,43.1967
121646,1002,3,0.410738,17.3224,1.00007,42.1771,42.174
124457,1002,5,0.910327,39.1387,1.00007,42.9972,42.9941
124875,1002,5,0.842978,37.2618,1.00007,44.2056,44.2026
126765,1002,5,0.891636,40.3592,1.00006,45.2671,45.2642
127451,1002,2,0.715362,32.1348,1.00006,44.9239,44.921
128292,1002,4,0.844945,40.3711,1.00006,47.7822,47.7795
129833,1002,3,0.835832,35.5804,1.00007,42.5719,42.5688
133150,1002,5,0.899566,44.2372,1.00005,49.1788,49.1762
134832,1002,5,0.85452,39.0423,1.00006,45.6919,45.6891
136516,1002,2,0.542467,22.1558,1.00008,40.8459,40.8427
136599,1002,5,0.87589,43.191,1.00005,49.3137,49.311
137108,1002,5,0.846166,36.8842,1.00007,43.5929,43.5899
139793,1002,4,0.810291,39.2727,1.00006,48.4702,48.4675
141003,1002,2,0.547328,24.0743,1.00007,43.9882,43.9852
141920,1002,2,0.795232,37.3318,1.00006,46.9473,46.9445
144583,1002,1,0.616808,25.6259,1.00008,41.5491,41.5459
145068,1002,5,0.809186,36.3378,1.00006,44.9095,44.9066
145199,1002,2,0.58485,23.3146,1.00008,39.8675,39.8642
145679,1002,4,0.836732,37.6428,1.00006,44.9908,44.9879
146366,1002,4,0.844852,38.4812,1.00006,45.5507,45.5479
147418,1002,4,0.877194,41.0895,1.00006,46.8447,46.842
147706,1002,4,0.834324,36.5068,1.00007,43.7591,43.7561
147988,1002,3,0.837053,40.6017,1.00006,48.5083,48.5056
148918,1002,2,0.661537,27.8565,1.00007,42.1119,42.1088
151097,1002,6,0.871652,40.2421,1.00006,46.1704,46.1676
152199,1002,4,0.927757,37.568,1.00008,40.4966,40.4933
152834,1002,7,0.834412,34.149,1.00008,40.929,40.9259
153686,1002,3,0.625221,26.7995,1.00007,42.8671,42.8641
154405,1002,2,0.803373,36.7048,1.00006,45.6912,45.6883
154500,1002,3,0.443867,19.1076,1.00007,43.0511,43.048
158336,1002,3,0.703971,37.7243,1.00005,53.5903,53.5879
158826,1002,3,0.589923,25.2859,1.00007,42.866,42.863
160974,1002,5,0.857872,37.9474,1.00007,44.2373,44.2344
162024,1002,4,0.91754,41.4321,1.00006,45.1585,45.1556
162688,1002,6,0.914174,42.5035,1.00006,46.4967,46.4939
163818,1002,4,0.605914,25.2244,1.00008,41.6335,41.6304
164721,1002,5,0.829699,33.3543,1.00008,40.2038,40.2006
164758,1002,6,0.777309,39.0545,1.00005,50.2458,50.2433
164780,1002,6,0.90912,43.5256,1.00006,47.8794,47.8767
164975,1002,3,0.859326,38.273,1.00007,44.5413,44.5384
165797,1002,7,0.968521,46.0441,1.00006,47.5434,47.5407
165938,1002,4,0.707306,29.4967,1.00007,41.7059,41.7028
166304,1002,1,0.674613,34.7873,1.00005,51.5688,51.5662
169097,1002,2,0.44561,19.7764,1.00007,44.3835,44.3806
170102,1002,3,0.881124,37.8498,1.00007,42.9593,42.9563
170180,1002,4,0.822465,39.7139,1.00006,48.2891,48.2864
170359,1002,5,0.7131,31.8423,1.00007,44.6563,44.6534
170500,1002,7,0.854738,33.5707,1.00008,39.2793,39.276
170717,1002,3,0.830443,33.2494,1.00008,40.0414,40.0381
172485,1002,4,0.757219,38.7476,1.00005,51.1734,51.1709
173443,1002,7,0.799377,38.7555,1.00006,48.4848,48.4821
174663,1002,6,0.852859,40.1136,1.00006,47.037,47.0342
174736,1002,8,0.869104,35.1293,1.00008,40.4233,40.4201
174862,1002,5,0.924293,42.8077,1.00006,46.3168,46.314
174914,1002,2,0.693891,29.5486,1.00007,42.587,42.5839
175479,1002,2,0.539168,24.4587,1.00006,45.3667,45.3638
175843,1002,5,0.86535,39.3172,1.00006,45.4379,45.4351
177548,1002,3,0.85037,38.5217,1.00006,45.3028,45.2999
178159,1002,4,0.935243,37.3797,1.00008,39.9712,39.9679
181478,1002,4,0.722321,32.1233,1.00007,44.4753,44.4723
181779,1002,6,0.803487,38.8271,1.00006,48.326,48.3233
182335,1002,4,0.741344,29.4703,1.00008,39.7558,39.7525
182744,1002,5,0.891574,44.8504,1.00005,50.3074,50.3048
183354,1002,2,0.847778,42.362,1.00005,49.9709,49.9683
183908,1002,4,0.875052,37.5293,1.00007,42.8911,42.8881
186178,1002,2,0.832866,34.8365,1.00007,41.8303,41.8272
186575,1002,4,0.627037,26.1861,1.00007,41.7649,41.7617
186684,1002,6,0.706744,32.5635,1.00006,46.0782,46.0754
189422,1002,2,0.745247,30.7404,1.00008,41.2518,41.2486
189714,1002,3,0.916387,42.3299,1.00006,46.1949,46.1921
189828,1002,3,0.741686,33.1919,1.00007,44.7549,44.752
190058,1002,6,0.831693,35.5243,1.00007,42.7163,42.7132
190670,1002,2,0.781762,34.9617,1.00007,44.7246,44.7217
191077,1002,3,0.902594,38.6918,1.00007,42.8704,42.8673
191397,1002,3,0.663097,28.4237,1.00007,42.8682,42.8651
191705,1002,5,0.811609,38.7853,1.00006,47.7909,47.7882
192171,1002,3,0.693062,30.5487,1.00007,44.0809,44.0779
194641,1002,4,0.748229,32.8516,1.00007,43.9088,43.9058
194723,1002,3,0.848605,34.0688,1.00008,40.15,40.1468
196323,1002,4,0.897226,42.6593,1.00006,47.5485,47.5458
196994,1002,2,0.849321,40.9631,1.00006,48.2332,48.2304
197767,1002,3,0.50506,22.2452,1.00007,44.0476,44.0446
198753,1002,4,0.904998,44.2819,1.00005,48.9331,48.9304
199462,1002,2,0.572766,25.2187,1.00007,44.0327,44.0297
199934,1002,3,0.462568,23.8879,1.00005,51.6443,51.6418
